gene,n_residues,rg_angstrom,rh_angstrom,dmax_angstrom,asphericity,anisotropy,axial_ratio,perrin_friction,compactness_vs_globular,diffusion_relative,net_charge,isoelectric_point,surface_charge,charge_dipole
AAMP,434,27.81,35.88,137.53,0.3212,0.1213,1.92,1.0387,1.2578,0.5366,-46.9,4.14,-37.9,732.7
AATF,560,38.85,50.11,137.75,0.1773,0.0326,1.331,1.0074,1.5945,0.3962,-37.7,4.68,-46.3,567.5
ACLY,1101,40.21,51.87,124.31,0.4306,0.1915,2.069,1.0484,1.2765,0.3678,0.5,6.95,-5.4,247.0
ACTR2,394,22.16,28.59,70.42,0.2553,0.1276,2.201,1.0571,1.0397,0.6618,-2.2,6.3,-9.6,35.4
ACTR5,607,34.24,44.16,111.55,0.227,0.0782,1.722,1.0268,1.3628,0.441,-21.6,5.04,-23.7,350.4
AGO2,859,31.03,40.03,100.2,0.2474,0.0787,1.69,1.025,1.0825,0.4875,33.2,9.43,18.4,348.3
AKAP12,1782,70.86,91.41,222.99,0.2278,0.1084,2.01,1.0445,1.8735,0.2095,-223.7,4.22,-120.1,1726.2
AKAP8L,646,44.02,56.78,136.08,0.0742,0.01,1.191,1.0027,1.7112,0.3513,-28.1,4.8,-29.0,196.4
AKT1S1,256,35.86,46.26,112.25,0.316,0.1097,1.784,1.0305,1.9818,0.4196,-15.7,4.5,-16.0,439.3
AKT2,481,26.67,34.41,80.88,0.2873,0.1166,2.001,1.0439,1.1599,0.5568,-5.9,5.95,-8.5,203.6
ANKRD17,2603,60.76,78.38,219.65,0.2162,0.0599,1.564,1.0181,1.391,0.2506,-29.0,6.06,-1.5,3786.1
ANKRD28,1053,47.04,60.69,153.9,0.3505,0.1251,1.732,1.0273,1.519,0.3208,-27.2,5.79,-26.1,591.5
ANKRD46,228,30.75,39.66,104.75,0.6054,0.3876,3.931,1.1777,1.7757,0.4282,-7.2,5.36,-1.7,161.4
ANKRD52,1076,46.25,59.66,153.12,0.3077,0.0971,1.631,1.0217,1.481,0.3281,-21.8,6.01,-9.5,483.7
ANKRD54,300,30.49,39.34,136.36,0.5996,0.3635,2.743,1.0945,1.5867,0.4645,-6.8,5.83,-3.6,568.0
ANKZF1,726,40.22,51.89,136.02,0.1784,0.0555,1.563,1.018,1.4958,0.3786,8.8,8.38,-8.5,484.6
AP2B1,937,35.99,46.43,106.09,0.2263,0.0734,1.679,1.0243,1.2148,0.4205,-24.4,5.1,-45.9,447.6
AP2S1,142,14.7,18.96,46.67,0.303,0.0925,1.567,1.0182,1.0161,1.036,-2.6,5.77,-4.8,65.2
APPL1,709,53.75,69.34,212.48,0.5887,0.3696,3.83,1.1707,2.017,0.2464,-20.6,5.15,-13.8,296.4
APPL2,664,47.91,61.81,181.35,0.6698,0.4528,3.268,1.1314,1.8434,0.286,-29.1,4.72,-25.9,339.1
ARAF,606,34.46,44.46,140.01,0.2899,0.0886,1.631,1.0217,1.3728,0.4403,18.0,9.2,5.0,327.5
ARF4,180,16.66,21.49,63.36,0.3094,0.0967,1.596,1.0198,1.0524,0.9127,0.1,7.03,4.1,138.0
ARF5,180,16.57,21.38,62.25,0.3191,0.1028,1.617,1.0209,1.047,0.9164,-0.7,6.37,1.3,133.4
ARF6,175,15.8,20.38,58.99,0.2843,0.0835,1.581,1.019,1.009,0.9629,4.3,9.32,3.2,160.6
ARHGAP35,1499,62.72,80.9,189.71,0.6822,0.4666,3.032,1.1148,1.7707,0.2217,-13.9,6.18,-7.7,1176.9
ARID1A,2285,60.72,78.32,183.04,0.0931,0.0139,1.232,1.0039,1.4605,0.2544,-13.5,6.23,-7.6,2619.5
ARL6IP1,203,22.33,28.81,72.45,0.2237,0.0561,1.503,1.015,1.348,0.684,7.3,9.69,8.2,209.8
ATG12,140,21.92,28.28,84.17,0.5154,0.2716,2.405,1.0709,1.5236,0.6605,-3.9,4.86,-9.0,99.6
ATG14,492,71.58,92.33,229.65,0.8776,0.7708,5.908,1.3081,3.086,0.1656,-1.0,6.6,-14.7,1568.0
ATG2A,1938,59.79,77.13,214.34,0.6813,0.4655,3.05,1.1161,1.5311,0.2323,-51.7,5.51,-53.2,1526.6
ATG2B,2078,59.99,77.39,219.96,0.6512,0.4248,2.762,1.0958,1.4961,0.2358,-60.4,5.41,-51.1,804.8
ATG3,314,26.86,34.66,84.31,0.3574,0.154,2.176,1.0554,1.3738,0.5468,-29.8,4.51,-28.8,748.7
ATG7,703,42.09,54.29,162.66,0.7876,0.6209,3.895,1.1752,1.5844,0.3135,-8.6,5.81,-21.6,351.9
ATG9A,839,36.09,46.56,137.25,0.1357,0.0198,1.26,1.0048,1.2705,0.4275,-10.6,6.19,-14.3,287.5
ATP1A1,1023,38.34,49.46,135.6,0.5946,0.3632,3.049,1.116,1.2516,0.3624,-21.5,5.21,-14.3,62.0
ATP2B1,1220,40.8,52.63,137.09,0.4515,0.2176,2.347,1.067,1.2457,0.3562,-18.1,5.57,-33.9,505.3
ATP6AP1,470,32.95,42.5,116.02,0.3935,0.1872,2.462,1.0749,1.4455,0.4378,-6.1,5.7,3.4,408.2
ATP6V0A1,837,44.4,57.28,151.28,0.465,0.2562,3.199,1.1265,1.5644,0.3099,-9.1,5.99,-15.2,374.9
ATP6V0D1,351,21.08,27.2,59.37,0.113,0.0132,1.2,1.003,1.0335,0.7332,-18.1,4.75,-23.6,131.1
ATP6V1A,617,28.31,36.52,101.57,0.5408,0.3033,2.731,1.0936,1.1199,0.5008,-13.1,5.22,-8.5,123.4
ATP6V1B2,511,27.62,35.63,94.73,0.3601,0.1666,2.367,1.0683,1.1739,0.5254,-8.2,5.48,-4.7,211.9
ATP6V1H,483,28.94,37.34,100.94,0.6315,0.3997,2.684,1.0903,1.2566,0.4913,-4.9,6.05,-14.5,220.8
ATXN10,475,31.53,40.67,109.51,0.7108,0.507,3.34,1.1365,1.3777,0.4327,-15.2,4.98,-18.5,297.9
ATXN2L,1075,53.99,69.65,160.6,0.1102,0.0201,1.289,1.0058,1.7297,0.2855,9.3,8.79,15.3,966.5
BAZ1A,1556,54.23,69.96,209.48,0.4435,0.2007,2.054,1.0474,1.5096,0.2729,-11.9,6.17,-11.1,2194.2
BAZ1B,1483,52.83,68.15,195.87,0.4643,0.2179,2.066,1.0482,1.4977,0.28,24.1,8.52,13.9,3647.6
BCAP31,246,41.71,53.81,127.91,0.5063,0.3184,5.689,1.2943,2.3405,0.2872,2.3,8.92,-1.8,218.3
BET1,118,49.53,63.9,161.26,0.9505,0.9039,8.0,1.7434,3.6743,0.1795,4.1,9.42,4.0,384.9
BET1L,111,46.97,60.6,155.0,0.9769,0.9544,8.0,2.2468,3.5663,0.1469,1.0,8.72,1.0,363.4
BNIP1,228,37.7,48.63,150.84,0.9179,0.8427,6.999,1.375,2.1773,0.2991,5.3,9.39,7.0,275.6
BOP1,746,72.13,93.04,214.5,0.8338,0.6958,4.672,1.228,2.6548,0.175,-14.7,5.76,-41.6,2264.3
BRD2,801,48.74,62.87,152.05,0.135,0.031,1.378,1.0092,1.746,0.3152,18.0,9.48,1.6,2016.8
BRD3,726,44.36,57.22,162.37,0.1521,0.0248,1.295,1.006,1.6497,0.3474,26.2,9.78,26.1,1469.1
BRD4,1362,56.96,73.48,182.36,0.0952,0.0099,1.18,1.0024,1.6678,0.2715,29.5,9.6,34.7,1520.9
BTF3,206,40.88,52.73,128.73,0.4456,0.226,2.66,1.0886,2.4535,0.3484,5.3,9.92,2.1,844.4
BUD23,281,32.32,41.69,111.55,0.7226,0.5249,3.624,1.1564,1.7238,0.4149,6.3,8.9,10.2,893.9
BYSL,437,31.31,40.39,117.78,0.3522,0.1327,1.872,1.0358,1.4122,0.478,2.9,8.19,-5.6,374.9
C14orf119,140,25.34,32.69,88.51,0.6268,0.3974,2.967,1.1102,1.7617,0.551,-6.7,4.71,-2.9,34.8
C18orf21,220,31.8,41.03,105.82,0.6382,0.4155,3.333,1.136,1.8617,0.4291,29.7,10.71,14.2,116.5
C7orf50,194,25.4,32.76,78.56,0.2424,0.0646,1.541,1.0169,1.5596,0.6003,9.4,10.1,6.1,109.9
C9orf78,289,39.35,50.76,123.02,0.3996,0.192,2.494,1.0771,2.0766,0.3658,-1.5,6.34,4.3,492.7
CAD,2225,45.31,58.45,133.89,0.1211,0.0368,1.414,1.0108,1.1011,0.3385,-28.7,6.0,-29.1,871.8
CAMK1,370,24.85,32.06,88.32,0.219,0.0794,1.742,1.0279,1.194,0.6069,-15.9,4.99,-7.7,78.2
CANX,592,41.15,53.08,139.13,0.1443,0.0296,1.363,1.0086,1.6536,0.3736,-61.1,4.31,-53.8,947.3
CAPRIN1,709,49.21,63.48,173.62,0.1812,0.0342,1.344,1.0078,1.8466,0.3126,-22.6,5.01,-10.3,1666.1
CASP3,277,21.77,28.08,79.36,0.3315,0.1108,1.644,1.0224,1.1675,0.6966,-3.2,6.09,-9.5,173.4
CCDC22,627,50.51,65.16,162.17,0.3297,0.1246,1.916,1.0385,1.9861,0.2956,-4.4,6.3,-10.8,455.8
CCDC47,483,37.86,48.85,147.04,0.3449,0.1732,2.592,1.0839,1.644,0.3778,-32.2,4.61,-43.8,1113.9
CCDC86,360,46.85,60.43,153.68,0.2615,0.0744,1.588,1.0193,2.2743,0.3247,29.4,10.82,3.3,409.4
CCDC93,631,60.98,78.66,231.42,0.7705,0.597,4.429,1.2116,2.3918,0.2098,4.4,8.26,-3.9,419.5
CCT3,545,30.96,39.94,103.88,0.4159,0.2128,2.77,1.0964,1.284,0.4567,-4.1,6.07,-6.4,298.1
CCT4,539,30.35,39.16,99.26,0.4661,0.2431,2.751,1.095,1.2641,0.4665,2.6,7.76,-7.6,123.8
CCT5,541,30.51,39.36,101.29,0.4954,0.2701,2.927,1.1074,1.2688,0.4589,-12.9,5.34,-13.3,116.3
CCT6A,531,29.87,38.54,101.18,0.5636,0.3296,2.936,1.108,1.2512,0.4684,-3.8,6.23,-3.1,301.2
CD2BP2,341,43.63,56.29,143.46,0.6798,0.4647,3.188,1.1258,2.1625,0.3156,-27.7,4.34,-15.8,376.5
CD63,238,24.06,31.03,83.59,0.7085,0.504,3.358,1.1377,1.3668,0.5665,3.2,7.7,7.0,34.0
CDC42BPB,1711,56.93,73.44,237.89,0.3203,0.1185,1.885,1.0366,1.5287,0.2627,-23.6,5.94,-21.3,1557.4
CDC7,574,35.78,46.16,141.68,0.2866,0.0904,1.682,1.0245,1.455,0.4229,14.5,8.86,10.7,759.3
CDK12,1490,57.42,74.07,187.66,0.1262,0.0183,1.259,1.0048,1.6249,0.2687,49.1,9.82,45.3,937.2
CDK2,298,19.69,25.4,62.53,0.3292,0.1304,2.002,1.044,1.0272,0.7541,5.0,8.98,-5.3,72.2
CDK7,346,23.71,30.59,84.03,0.2875,0.1439,2.356,1.0676,1.1688,0.6124,5.0,8.61,6.6,302.2
CDK9,372,23.19,29.91,79.86,0.2655,0.0719,1.511,1.0154,1.1117,0.6585,8.8,9.01,9.4,213.1
CERS5,392,31.23,40.29,135.46,0.7062,0.5001,3.243,1.1296,1.468,0.4395,3.9,7.87,-1.7,183.6
CERS6,384,28.75,37.08,107.51,0.5731,0.3365,2.81,1.0992,1.3619,0.4907,1.8,7.49,-1.7,130.8
CHEK1,476,24.22,31.25,81.69,0.1703,0.0404,1.442,1.0121,1.0576,0.6324,6.0,8.23,10.2,175.2
CHEK2,543,35.46,45.74,123.98,0.2478,0.0692,1.58,1.0189,1.4726,0.4291,-9.9,5.57,-19.6,410.3
CHM,653,33.13,42.74,126.41,0.0966,0.0254,1.321,1.007,1.2826,0.4648,-40.0,4.52,-41.7,550.7
CHMP1A,196,26.18,33.78,93.26,0.6364,0.4074,2.85,1.102,1.6016,0.5373,1.1,8.58,-9.0,206.1
CHMP3,222,31.31,40.38,119.66,0.5337,0.3129,3.426,1.1425,1.8264,0.4335,-7.9,4.95,-17.0,590.2
CHMP4B,224,44.95,57.98,136.07,0.6659,0.4639,5.201,1.2629,2.6133,0.2731,-14.8,4.61,-17.9,1610.3
CHMP7,453,36.21,46.71,117.42,0.6145,0.3857,3.113,1.1205,1.6111,0.3821,-10.6,5.12,-11.9,178.3
CLCN7,805,31.78,41.0,115.92,0.3317,0.122,1.864,1.0353,1.1364,0.4712,7.8,8.45,-4.6,387.1
CLINT1,625,48.62,62.72,150.59,0.1647,0.0303,1.343,1.0078,1.9141,0.3164,-4.2,5.99,-1.6,415.2
CLTA,248,46.77,60.33,132.13,0.6298,0.3999,2.879,1.104,2.6161,0.3003,-22.7,4.28,-9.8,560.2
CLTB,229,38.22,49.31,117.15,0.6723,0.456,3.274,1.1318,2.2038,0.3584,-16.9,4.42,-9.9,165.5
CLTC,1675,60.46,77.99,197.82,0.4722,0.2722,3.678,1.1601,1.6364,0.221,-37.5,5.39,-38.7,634.2
COMMD1,190,27.2,35.09,89.34,0.7476,0.5633,4.258,1.2001,1.6838,0.4749,-2.6,5.82,0.3,40.3
COMMD2,199,26.41,34.07,89.55,0.7755,0.6024,3.861,1.1728,1.6063,0.5005,-2.2,6.27,0.4,246.4
COMMD4,199,25.88,33.39,88.07,0.7738,0.6003,3.991,1.1818,1.5741,0.5069,0.4,7.07,-2.0,91.9
COMMD6,85,19.07,24.6,67.86,0.602,0.3637,2.558,1.0815,1.6022,0.7518,-0.9,5.64,-1.9,136.7
CORO1B,489,28.02,36.15,95.73,0.3407,0.1244,1.831,1.0333,1.211,0.5355,-9.9,5.53,-8.8,238.6
CPSF6,551,44.93,57.95,157.44,0.3947,0.1569,1.809,1.032,1.8554,0.3344,-0.8,6.72,-4.6,1086.0
CSE1L,971,34.55,44.57,103.38,0.3315,0.119,1.819,1.0325,1.1504,0.4346,-22.6,5.43,-42.2,418.2
CSK,450,25.18,32.48,81.92,0.3248,0.1399,2.159,1.0543,1.123,0.584,-0.9,6.64,4.6,141.3
CTCF,727,45.06,58.13,141.23,0.2862,0.0937,1.729,1.0272,1.6749,0.335,-4.7,6.51,-30.8,1183.4
CTNNB1,781,48.16,62.12,186.07,0.6713,0.4531,3.111,1.1204,1.7419,0.2874,-22.3,5.47,-39.7,324.4
CTNNBL1,563,32.76,42.26,104.57,0.4087,0.1749,2.039,1.0464,1.3419,0.4523,-33.5,4.82,-28.5,1324.7
CTPS1,591,26.2,33.8,90.59,0.2878,0.086,1.601,1.02,1.0536,0.5801,-8.2,6.01,-15.1,144.2
CUTC,273,19.53,25.19,74.66,0.0953,0.0159,1.25,1.0045,1.0533,0.7903,3.4,8.15,4.1,285.8
CYB5R3,301,23.89,30.82,104.98,0.4371,0.2109,2.424,1.0722,1.2414,0.6053,1.1,7.38,-8.5,162.9
DAD1,113,17.99,23.21,59.23,0.4154,0.2439,3.875,1.1738,1.3568,0.7341,0.1,6.9,-2.0,5.9
DBNL,430,41.93,54.09,143.0,0.5689,0.3241,2.333,1.066,1.9027,0.3469,-21.1,4.87,-14.4,420.4
DCP1A,582,47.41,61.15,152.15,0.2038,0.0747,1.711,1.0262,1.9175,0.3187,-9.4,5.81,-6.5,633.1
DCP1B,617,45.9,59.21,146.48,0.2133,0.0467,1.4,1.0102,1.8157,0.3344,7.3,8.68,0.5,469.0
DCP2,420,30.44,39.27,105.18,0.2553,0.0716,1.579,1.0189,1.3938,0.4999,4.2,7.92,4.6,150.0
DDB1,1140,33.95,43.8,100.35,0.3123,0.1035,1.712,1.0262,1.0636,0.445,-41.2,5.01,-45.7,304.7
DDOST,456,36.78,47.45,146.98,0.574,0.3486,3.398,1.1405,1.6322,0.3696,-4.0,6.09,0.2,736.9
DDX21,783,40.46,52.2,153.85,0.1443,0.0258,1.325,1.0071,1.4623,0.3804,26.6,9.7,14.3,1184.2
DDX39B,428,23.13,29.84,83.84,0.227,0.0567,1.498,1.0147,1.0517,0.6605,-11.9,5.35,-24.6,427.0
DDX47,455,26.82,34.6,137.79,0.1942,0.08,1.757,1.0288,1.1912,0.5619,10.9,9.49,4.4,679.3
DDX56,547,27.74,35.79,118.75,0.2085,0.0787,1.743,1.028,1.149,0.5436,16.7,9.61,7.0,779.2
DHX37,1157,39.54,51.0,143.04,0.207,0.0472,1.444,1.0121,1.2317,0.3874,8.8,8.03,-17.6,986.4
DHX9,1270,36.79,47.46,135.55,0.1788,0.042,1.448,1.0123,1.1063,0.4163,-5.4,6.4,-15.1,501.1
DIAPH1,1272,60.83,78.47,231.36,0.678,0.4607,2.976,1.1108,1.828,0.2294,-29.5,5.18,-4.8,265.2
DNAJC13,2243,66.39,85.65,193.12,0.4736,0.2298,2.213,1.0579,1.6084,0.2207,-15.3,6.29,-45.9,1438.3
DNAJC17,304,61.34,79.13,172.57,0.9265,0.8586,7.535,1.4066,3.1755,0.1797,3.3,8.93,1.1,121.6
DNAJC2,621,59.62,76.91,195.3,0.7009,0.4988,4.014,1.1833,2.3527,0.2198,12.0,8.99,-7.7,351.0
DNM1,864,53.5,69.01,165.7,0.7112,0.5131,4.144,1.1923,1.8623,0.2431,-0.7,6.76,-11.3,310.1
DNM1L,736,50.73,65.44,162.34,0.7315,0.5351,3.12,1.121,1.8768,0.2726,-3.5,6.37,-13.4,391.4
DNTTIP1,329,35.04,45.21,127.19,0.3051,0.1019,1.739,1.0278,1.7606,0.4304,8.0,9.3,9.3,450.3
DRG1,367,23.9,30.83,73.99,0.2809,0.0936,1.751,1.0285,1.1519,0.6307,9.0,9.22,1.5,252.7
DYNC1LI1,523,40.45,52.18,154.68,0.3716,0.1583,2.136,1.0528,1.7041,0.3641,-5.0,5.98,-4.8,729.9
DYNC1LI2,492,39.24,50.62,141.5,0.3663,0.1569,2.157,1.0541,1.692,0.3748,-6.7,5.95,-3.9,722.5
ECPAS,1845,58.49,75.46,196.42,0.6967,0.4881,3.365,1.1382,1.5262,0.2329,-1.8,6.71,-15.3,521.7
EDC4,1401,53.38,68.86,219.82,0.4262,0.1844,1.957,1.0411,1.5464,0.279,-34.0,5.49,-29.6,844.0
EEA1,1411,89.21,115.09,336.76,0.6919,0.4821,3.384,1.1395,2.5775,0.1525,-35.1,5.44,-32.6,894.0
EEF1G,437,28.0,36.12,91.52,0.3885,0.1584,1.961,1.0414,1.2628,0.5317,-2.3,6.25,-11.7,202.2
EFTUD2,972,34.49,44.5,135.79,0.3554,0.1342,1.868,1.0355,1.1482,0.4341,-53.5,4.7,-59.0,1951.5
EIF2AK2,551,33.14,42.75,120.29,0.1538,0.0277,1.333,1.0074,1.3688,0.4644,7.0,8.5,-1.7,241.7
EIF3B,814,45.78,59.06,166.61,0.2591,0.0791,1.66,1.0233,1.6301,0.331,-41.5,4.74,-46.8,1436.6
EIF3G,320,38.46,49.62,114.67,0.5873,0.3562,3.086,1.1186,1.9529,0.3603,-2.7,5.79,-5.9,332.0
EIF3K,218,22.96,29.62,75.14,0.2236,0.1178,2.108,1.0509,1.3488,0.6425,-11.5,4.66,-12.7,118.4
EIF4A1,406,22.52,29.05,86.69,0.245,0.0823,1.733,1.0274,1.0446,0.67,-8.5,5.19,-11.9,250.3
EMC1,993,35.22,45.44,138.82,0.3809,0.1454,1.73,1.0272,1.163,0.4285,2.6,7.41,-9.5,525.1
EMC2,297,24.49,31.59,74.35,0.5028,0.278,3.003,1.1128,1.2792,0.5689,-2.4,6.15,-6.8,315.5
EMC3,261,27.96,36.07,81.06,0.4644,0.2477,2.925,1.1072,1.5338,0.5008,-0.7,6.4,-8.9,151.8
EMC4,183,41.24,53.21,173.39,0.8483,0.7237,8.0,1.4475,2.5895,0.2597,3.1,8.89,2.0,290.7
EMC7,242,38.94,50.24,133.13,0.7362,0.5492,4.592,1.2226,2.1987,0.3256,4.3,9.67,1.1,267.3
EMC8,210,16.11,20.78,48.43,0.1535,0.0264,1.317,1.0068,0.9597,0.9561,-6.6,5.92,-1.0,72.6
ERG28,140,17.26,22.27,65.07,0.6685,0.4501,3.171,1.1246,1.1998,0.7987,7.4,10.15,4.2,128.2
EZR,586,53.38,68.86,194.39,0.8722,0.761,5.34,1.2719,2.1534,0.2284,-7.8,5.89,-5.4,1160.9
FAM120A,1118,39.54,51.01,139.83,0.0585,0.008,1.164,1.0021,1.2479,0.3913,25.7,9.0,8.4,538.7
FAM241A,132,38.35,49.47,130.38,0.7908,0.6354,8.0,1.4616,2.7257,0.2766,-7.9,4.44,-5.9,328.6
FAM50B,325,37.19,47.98,120.15,0.6184,0.3888,3.036,1.1151,1.8773,0.3738,4.9,9.31,-6.7,358.9
FASN,2511,48.31,62.32,145.2,0.2994,0.1024,1.78,1.0302,1.1212,0.3115,-31.2,5.99,-41.6,481.9
FAU,133,37.71,48.64,103.94,0.9015,0.8129,6.082,1.319,2.6727,0.3117,11.3,10.65,11.1,1008.1
FKBP5,457,35.36,45.62,122.53,0.3461,0.1901,2.949,1.1089,1.568,0.3954,-7.3,5.61,-7.6,200.2
FTH1,183,18.98,24.48,66.39,0.6384,0.4091,2.791,1.0979,1.1913,0.7442,-10.0,5.22,-9.6,136.7
FXR1,621,54.59,70.42,191.72,0.7189,0.5177,3.267,1.1313,2.1543,0.251,-8.8,5.78,-9.5,737.4
FXR2,673,53.69,69.26,188.49,0.613,0.38,2.852,1.1021,2.055,0.262,-5.3,5.88,5.1,987.1
G3BP2,482,42.69,55.07,149.25,0.3006,0.1078,1.845,1.0341,1.855,0.3512,-15.7,5.3,-13.7,1613.4
GAK,1311,45.81,59.09,156.99,0.0992,0.0106,1.185,1.0026,1.3609,0.3376,-29.1,5.4,-32.5,1327.6
GAPDH,335,19.83,25.58,64.8,0.3643,0.1354,1.779,1.0302,0.9896,0.7588,4.0,8.7,-3.4,54.4
GLUL,373,20.98,27.07,59.72,0.2018,0.0653,1.633,1.0217,1.005,0.7232,-1.9,6.44,-7.6,59.7
GNL2,731,39.39,50.81,130.66,0.0924,0.009,1.166,1.0021,1.461,0.3928,20.2,9.66,-5.4,1930.5
GNL3,549,33.43,43.12,121.34,0.2239,0.0559,1.499,1.0148,1.3823,0.4571,18.8,9.55,13.6,756.8
GOSR1,250,49.35,63.66,152.37,0.6986,0.5113,8.0,1.4352,2.7521,0.2189,7.9,9.79,7.7,544.6
GOSR2,212,35.1,45.28,141.42,0.7812,0.6179,6.135,1.3224,2.0838,0.334,1.8,8.22,3.6,362.8
GPAT4,456,28.39,36.63,112.41,0.4275,0.2112,2.573,1.0826,1.26,0.5044,15.0,9.48,7.3,195.2
GSK3A,483,28.92,37.31,120.06,0.2796,0.0872,1.675,1.0241,1.2558,0.5234,8.7,8.88,9.1,222.5
GSK3B,420,27.62,35.63,112.42,0.3865,0.1643,2.101,1.0504,1.2648,0.5343,9.7,8.9,3.2,187.9
GSPT1,499,25.71,33.17,112.7,0.1605,0.0514,1.533,1.0165,1.1027,0.5932,-15.6,5.34,-23.5,389.3
GYG1,350,23.16,29.88,82.49,0.3091,0.1018,1.709,1.026,1.1367,0.6523,-10.1,5.16,-8.6,172.7
H1-0,194,40.32,52.01,127.18,0.2642,0.1485,2.474,1.0757,2.4757,0.3575,53.2,11.33,45.0,459.1
H2AZ1,128,26.34,33.98,113.34,0.8085,0.6568,5.261,1.2668,1.8943,0.4646,14.6,11.05,13.3,93.0
HDAC1,482,28.22,36.41,107.03,0.406,0.1687,1.93,1.0394,1.2263,0.5286,-17.6,5.2,-19.8,411.8
HDAC2,488,30.62,39.5,117.93,0.482,0.2335,2.067,1.0482,1.3242,0.4831,-13.4,5.53,-18.6,262.9
HMGB2,209,28.76,37.1,83.0,0.516,0.2913,3.111,1.1204,1.7168,0.4812,1.4,7.92,-13.0,613.5
HMGN2,90,35.27,45.5,112.0,0.5756,0.3735,5.591,1.2881,2.9,0.3413,12.0,10.51,9.0,219.3
HNRNPC,306,39.22,50.59,125.28,0.3297,0.109,1.606,1.0203,2.0254,0.3874,-11.8,4.8,-16.9,1026.0
HNRNPD,355,38.76,50.0,131.49,0.294,0.1259,2.095,1.0501,1.8916,0.381,1.5,7.89,-3.8,421.3
HNRNPH1,449,37.15,47.92,120.45,0.2792,0.0838,1.627,1.0214,1.6582,0.4086,-6.8,5.86,-2.6,417.3
HNRNPU,825,45.03,58.09,161.18,0.1397,0.036,1.416,1.0109,1.5953,0.3406,-11.7,5.68,-6.6,3021.5
HSF1,529,47.91,61.81,188.99,0.4626,0.2226,2.262,1.0612,2.0097,0.3049,-20.7,4.89,-17.5,549.4
HSPA12A,675,30.08,38.8,135.37,0.4009,0.1669,1.974,1.0422,1.15,0.4946,-3.6,6.32,-14.3,191.8
HSPA14,509,28.69,37.01,96.89,0.564,0.3216,2.527,1.0794,1.2212,0.5006,-10.2,5.3,-15.6,176.2
HSPA4,840,41.93,54.1,132.33,0.3597,0.1617,2.286,1.0628,1.4755,0.3479,-26.2,4.96,-38.7,465.6
IKBKB,756,41.29,53.27,152.56,0.6361,0.4095,3.052,1.1162,1.5123,0.3364,-13.7,5.48,-19.7,253.9
IMP3,184,22.58,29.13,77.57,0.3721,0.2174,3.514,1.1487,1.4149,0.5977,6.6,9.87,-1.5,241.8
INPP4A,977,40.12,51.76,146.94,0.5081,0.2732,2.684,1.0903,1.333,0.3544,-3.4,6.53,-23.2,666.4
INPP5K,448,25.72,33.18,111.5,0.4975,0.2559,2.41,1.0713,1.1493,0.5626,-4.8,6.07,-8.5,431.3
IPO11,975,39.08,50.41,120.74,0.4257,0.1973,2.284,1.0627,1.2993,0.3733,-34.7,5.01,-51.9,549.7
IRAK1,712,40.26,51.93,156.64,0.1762,0.0512,1.53,1.0163,1.5083,0.3789,-5.4,6.17,-8.5,404.8
ITPR3,2671,59.19,76.35,197.2,0.2906,0.0977,1.761,1.0291,1.3418,0.2545,-34.2,6.03,-43.7,666.8
JUN,331,40.64,52.43,123.33,0.2527,0.0928,1.824,1.0328,2.0372,0.3693,4.8,9.11,0.5,250.7
JUNB,347,40.51,52.26,122.36,0.2425,0.0597,1.45,1.0124,1.9947,0.378,8.8,9.54,3.5,338.7
KIAA0319L,1049,74.86,96.57,256.18,0.69,0.4823,3.701,1.1617,2.4207,0.1783,-15.9,5.65,1.8,1219.3
KIAA1143,154,32.42,41.83,91.75,0.264,0.1042,1.921,1.0388,2.1735,0.4603,-1.8,5.78,0.2,227.2
KIF20A,890,46.72,60.28,175.02,0.5618,0.3248,2.794,1.0981,1.6083,0.3022,-3.1,6.48,-11.4,876.1
KIF3B,747,39.2,50.57,158.59,0.4275,0.2201,2.794,1.098,1.442,0.3602,1.6,7.58,-9.0,821.3
KIF4A,1232,60.3,77.78,204.63,0.4075,0.1753,2.065,1.0481,1.8342,0.2453,-10.5,5.92,-11.3,867.6
KIFBP,621,33.67,43.44,123.85,0.6645,0.4422,2.815,1.0995,1.3288,0.4188,-26.7,5.23,-42.0,691.3
KRAS,189,19.03,24.55,83.78,0.4912,0.242,2.07,1.0484,1.1805,0.7769,-0.7,6.37,-4.8,216.9
LAMP1,417,27.69,35.72,108.47,0.3833,0.1503,1.85,1.0345,1.2713,0.5413,8.9,8.83,7.4,193.5
LAMTOR2,125,13.93,17.97,41.21,0.1445,0.0493,1.512,1.0154,1.0111,1.0958,-1.0,5.15,-3.0,53.3
LDHA,332,21.22,27.37,85.01,0.4296,0.1882,1.996,1.0436,1.0624,0.7001,3.7,8.35,2.3,102.0
LMAN1,510,34.32,44.27,146.71,0.2839,0.11,1.935,1.0397,1.4596,0.4345,-4.3,6.31,-4.1,294.7
LNPK,428,42.73,55.12,139.42,0.3507,0.1386,1.982,1.0427,1.9426,0.348,-13.6,4.91,-18.8,700.0
LPCAT1,534,26.52,34.21,86.73,0.3537,0.1337,1.876,1.036,1.1083,0.5643,-5.4,5.69,-10.7,472.5
MAP2K1,393,22.26,28.71,77.61,0.3283,0.1141,1.761,1.029,1.0451,0.6769,-3.1,6.18,-6.7,139.7
MAP2K2,400,22.73,29.32,74.02,0.3145,0.1084,1.776,1.0299,1.0602,0.6622,-4.0,6.11,-9.5,144.2
MAP3K7,606,39.74,51.26,179.35,0.3671,0.1372,1.779,1.0301,1.5828,0.3788,-0.7,6.71,-1.6,579.9
MAPK1,360,21.99,28.36,85.37,0.4342,0.196,2.118,1.0516,1.0675,0.6705,-1.7,6.53,-7.3,131.7
MBOAT7,472,23.44,30.23,79.42,0.2244,0.0537,1.465,1.0131,1.0265,0.653,13.9,9.06,6.3,193.5
MCOLN1,580,36.86,47.55,133.66,0.5691,0.3444,3.419,1.142,1.4929,0.3683,0.4,6.87,-9.3,393.1
METAP2,478,28.09,36.24,113.81,0.2555,0.0687,1.533,1.0165,1.2245,0.543,-10.9,5.48,-16.7,182.0
MFSD11,449,22.63,29.2,78.57,0.3046,0.1161,1.932,1.0396,1.0103,0.659,-4.6,5.37,-4.7,339.3
MFSD12,480,24.68,31.83,103.18,0.3955,0.1661,2.031,1.0459,1.074,0.6007,8.4,8.21,1.6,141.4
MKNK1,465,32.53,41.97,139.13,0.3248,0.1241,1.938,1.0399,1.433,0.4583,-3.0,6.25,-4.8,186.2
MPHOSPH10,681,54.37,70.14,174.34,0.3647,0.1724,2.435,1.073,2.0719,0.2657,-51.1,4.62,-56.4,1378.3
MTOR,2549,50.82,65.55,178.89,0.3657,0.155,2.13,1.0524,1.1726,0.2899,-4.7,6.72,-44.7,414.1
MYBBP1A,1328,46.86,60.45,166.57,0.2153,0.0749,1.705,1.0258,1.3853,0.3225,37.5,9.66,10.2,1433.8
MYO1B,1136,51.7,66.7,211.21,0.5952,0.3598,2.817,1.0996,1.622,0.2727,49.2,9.72,35.1,3093.4
MYO1C,1063,67.55,87.13,208.27,0.8238,0.6791,4.414,1.2107,2.1731,0.1896,37.5,9.72,16.2,2224.5
NAPG,312,29.56,38.13,117.95,0.6253,0.4117,4.236,1.1986,1.5154,0.4376,-8.5,5.17,-10.0,317.1
NCL,710,46.27,59.69,143.43,0.1891,0.0392,1.394,1.0099,1.7355,0.3318,-59.9,4.45,-16.9,2460.2
NCLN,563,34.74,44.81,131.95,0.7688,0.5911,3.405,1.1411,1.4229,0.3911,-3.3,6.42,-6.3,139.3
NEK9,979,39.04,50.36,145.9,0.2723,0.0796,1.606,1.0203,1.2959,0.3892,-21.8,5.42,-28.4,566.1
NEMF,1076,45.61,58.83,136.11,0.2806,0.0881,1.683,1.0245,1.4605,0.3318,-13.6,5.93,-36.1,1305.2
NFKB1,968,45.54,58.74,147.88,0.3731,0.1437,1.848,1.0343,1.5181,0.3292,-37.0,5.08,-30.0,346.3
NIFK,293,34.8,44.89,120.45,0.5019,0.2575,2.333,1.066,1.8268,0.418,22.4,10.31,8.2,551.3
NMD3,503,39.27,50.65,135.71,0.7526,0.5679,3.739,1.1644,1.6788,0.3391,-0.4,6.75,-7.1,521.4
NOL11,719,36.84,47.52,114.89,0.4317,0.2071,2.418,1.0719,1.375,0.3926,-12.3,5.69,-10.3,485.3
NOM1,860,44.11,56.9,155.72,0.3457,0.1205,1.68,1.0244,1.538,0.3431,6.0,8.08,-10.3,2146.1
NONO,471,50.66,65.35,182.03,0.6482,0.4223,2.899,1.1054,2.2207,0.2769,6.4,9.39,-0.2,132.2
NOP2,812,46.13,59.51,151.71,0.0582,0.0087,1.17,1.0022,1.6442,0.3353,20.3,9.64,-1.6,1704.5
NOP53,478,57.67,74.39,186.51,0.5637,0.319,2.385,1.0696,2.5138,0.2514,36.6,10.8,11.1,1032.1
NPM3,178,33.4,43.09,134.36,0.84,0.7061,4.727,1.2317,2.1194,0.3768,-16.5,4.4,-15.7,298.7
NRBP1,535,32.39,41.79,122.15,0.3029,0.1135,1.907,1.038,1.3529,0.4611,-26.5,4.89,-26.5,209.3
NSA2,260,31.26,40.33,87.94,0.4144,0.2005,2.503,1.0777,1.7174,0.4602,39.8,10.72,19.5,330.4
NSDHL,373,28.31,36.52,138.01,0.6729,0.4534,2.862,1.1028,1.356,0.4966,3.0,8.07,0.3,314.2
NUCKS1,243,41.71,53.8,113.27,0.1982,0.0437,1.426,1.0113,2.351,0.3676,-12.8,4.84,-8.9,762.3
NUFIP2,695,57.99,74.8,172.29,0.1712,0.0333,1.366,1.0088,2.1926,0.265,8.3,9.09,8.8,1104.3
NUMA1,2115,77.3,99.71,279.24,0.4647,0.2338,2.52,1.0789,1.9148,0.1859,-42.2,5.53,-28.8,2476.5
NVL,856,39.2,50.56,129.0,0.2676,0.0748,1.556,1.0176,1.3693,0.3887,-5.8,6.07,-6.5,902.3
OCRL,901,50.1,64.63,151.5,0.7241,0.5263,3.523,1.1493,1.7164,0.2693,-8.0,6.11,-14.4,1135.7
OSBPL8,889,40.38,52.09,138.77,0.1685,0.0326,1.363,1.0086,1.3904,0.3807,-3.0,6.52,-14.0,1193.5
OST4,37,15.99,20.63,53.01,0.9426,0.8886,8.0,1.4439,1.8432,0.6714,0.1,7.67,0.0,41.8
OXSR1,527,29.81,38.46,99.73,0.2024,0.0565,1.554,1.0176,1.2523,0.511,-5.0,6.0,-4.6,253.1
PABPC4,644,40.75,52.57,120.19,0.3092,0.1058,1.771,1.0297,1.586,0.3695,17.1,9.61,-0.8,253.1
PACSIN2,486,47.47,61.23,176.92,0.7387,0.5475,3.627,1.1566,2.0561,0.2824,-21.0,4.95,-21.8,439.7
PACSIN3,424,48.43,62.47,176.33,0.7892,0.6271,5.15,1.2596,2.2094,0.2542,-8.7,5.78,-10.5,686.4
PAK4,591,38.27,49.37,139.99,0.2416,0.0615,1.497,1.0147,1.539,0.3992,20.5,10.14,19.6,325.9
PASK,1323,47.38,61.12,152.1,0.0709,0.0066,1.152,1.0018,1.4027,0.3267,-71.2,4.61,-57.8,392.6
PDAP1,181,41.34,53.33,140.84,0.7126,0.5123,3.767,1.1663,2.6065,0.3215,3.2,9.41,1.1,725.9
PDCD11,1871,48.27,62.27,153.66,0.3268,0.1086,1.661,1.0233,1.2529,0.3138,37.3,9.13,6.9,1344.3
PDCD6IP,868,45.78,59.06,152.99,0.5314,0.2991,2.904,1.1058,1.5909,0.3063,-4.9,6.1,-11.6,352.3
PDCL3,239,28.32,36.53,106.52,0.455,0.2288,2.569,1.0823,1.6066,0.5058,-15.7,4.62,-14.9,445.8
PEX3,373,32.21,41.55,131.95,0.7103,0.5103,3.913,1.1764,1.5427,0.4092,3.9,8.13,2.5,523.0
PFN1,140,13.65,17.61,42.5,0.1336,0.0289,1.361,1.0085,0.9492,1.1258,2.2,8.44,-0.8,22.6
PHKG2,406,28.32,36.53,90.0,0.3838,0.1662,2.161,1.0544,1.3134,0.5192,-7.5,5.94,-11.5,576.2
PI4K2A,479,30.67,39.57,118.72,0.3344,0.1409,2.123,1.0519,1.3359,0.4806,4.9,8.32,-5.6,442.2
PI4KA,2102,52.59,67.84,167.11,0.5798,0.3455,2.92,1.1069,1.3057,0.2663,-4.2,6.63,-23.5,567.1
PICALM,652,40.38,52.1,131.95,0.1418,0.0202,1.233,1.0039,1.5645,0.3824,2.2,7.95,-2.4,229.2
PIK3C2A,1686,42.4,54.69,156.23,0.3108,0.0988,1.632,1.0217,1.1448,0.3579,11.8,7.89,-5.6,691.5
PIK3C3,887,37.41,48.26,131.9,0.4899,0.2401,1.997,1.0437,1.2893,0.3971,-4.2,6.36,-24.8,297.4
PIKFYVE,2098,53.12,68.53,209.71,0.3767,0.1423,1.723,1.0268,1.32,0.2842,-18.0,6.23,-45.6,692.7
PIP4K2A,406,27.71,35.75,137.21,0.4431,0.202,2.104,1.0506,1.2853,0.5325,-2.3,6.54,-15.3,373.6
PIP4K2C,421,28.49,36.75,114.79,0.5147,0.2705,2.388,1.0698,1.3031,0.5088,-3.4,6.38,-10.3,226.5
PIP4P1,277,32.7,42.19,121.92,0.546,0.3031,2.51,1.0782,1.754,0.4397,16.8,8.89,-0.7,428.0
PIP5K1C,668,37.01,47.74,132.45,0.1056,0.0166,1.257,1.0047,1.4206,0.417,-22.6,5.04,-28.9,705.4
PKN1,942,34.39,44.37,118.22,0.309,0.0972,1.617,1.0209,1.1586,0.4415,-9.3,5.96,0.4,173.6
PLPP1,284,28.45,36.7,135.09,0.7707,0.5967,4.248,1.1994,1.5113,0.4544,3.0,7.89,-1.5,41.1
PNPLA2,504,31.24,40.3,121.84,0.333,0.1454,2.197,1.0568,1.3348,0.4695,-0.8,6.67,-3.5,424.1
POLR2A,1970,47.36,61.1,173.6,0.2382,0.0629,1.536,1.0166,1.2054,0.322,1.2,6.99,-27.8,1086.5
POLR2C,275,24.25,31.28,83.46,0.4211,0.2138,2.724,1.0931,1.3041,0.5849,-16.4,4.64,-17.6,199.1
POLR2D,142,18.37,23.7,55.56,0.2778,0.1572,2.589,1.0837,1.2701,0.7788,-10.7,4.6,-8.9,83.8
POLR2I,125,22.54,29.08,66.12,0.6699,0.4525,3.224,1.1283,1.6361,0.6095,-8.4,4.87,-9.7,51.4
POLR3C,534,28.87,37.25,101.42,0.3235,0.1053,1.614,1.0207,1.2067,0.5261,0.2,6.95,-2.6,267.9
PPM1G,546,35.0,45.15,144.25,0.2654,0.0907,1.771,1.0297,1.4504,0.4302,-74.2,4.12,-64.8,1359.6
PPP6R1,881,40.06,51.68,154.36,0.1977,0.0589,1.581,1.0189,1.3841,0.3798,-75.9,4.3,-56.2,1293.5
PRMT9,845,33.78,43.58,143.67,0.1808,0.0873,1.812,1.0321,1.1858,0.4447,-35.5,4.99,-28.8,392.7
PRPF19,504,31.6,40.77,100.43,0.4487,0.2178,2.401,1.0707,1.3502,0.4582,-6.2,6.14,-2.5,236.3
PRPF4B,1007,52.11,67.22,163.05,0.074,0.0072,1.159,1.0019,1.7114,0.2969,106.6,10.71,113.4,966.8
PRPF8,2335,52.22,67.37,204.45,0.4252,0.1885,2.092,1.0498,1.2459,0.2828,40.3,9.04,-5.2,2126.1
PSMA5,241,18.27,23.57,60.78,0.3105,0.1097,1.819,1.0326,1.0333,0.8217,-14.5,4.59,-11.7,80.5
PSMB4,264,22.17,28.6,100.15,0.4955,0.2666,2.805,1.0988,1.2108,0.6365,-2.7,5.63,-4.8,149.3
PSMC4,418,37.3,48.12,146.3,0.6787,0.4653,3.413,1.1416,1.7111,0.3641,-15.3,4.95,-22.6,461.5
PSMC5,406,38.9,50.19,146.03,0.6619,0.4481,3.755,1.1655,1.8044,0.3419,0.8,7.38,-0.8,283.8
PSMC6,389,32.87,42.41,120.57,0.3228,0.1733,2.724,1.0931,1.5497,0.4314,0.8,7.26,-3.4,298.2
PSMD1,953,36.14,46.61,141.51,0.3126,0.1093,1.802,1.0315,1.2119,0.416,-29.9,5.12,-38.3,597.1
PSMD13,376,29.72,38.34,109.2,0.6674,0.4484,3.132,1.1218,1.4192,0.465,-9.9,5.46,-12.4,44.3
PSMD2,908,34.05,43.93,117.46,0.4641,0.2195,2.128,1.0522,1.1632,0.4327,-35.9,4.94,-44.3,598.1
PSMD7,324,38.79,50.04,153.11,0.702,0.5043,4.623,1.2248,1.9601,0.3264,-2.9,6.31,3.5,489.6
PSME1,249,29.61,38.19,112.16,0.7579,0.5792,4.528,1.2183,1.6535,0.4298,-3.6,5.7,-10.0,111.3
PSME2,239,28.68,37.0,107.04,0.7518,0.5678,3.959,1.1796,1.6271,0.4582,-5.5,5.45,-8.7,266.9
PSME3,254,30.27,39.05,115.02,0.7297,0.5357,3.788,1.1678,1.678,0.4386,-4.5,5.61,-9.8,72.5
PTDSS2,487,32.11,41.43,117.93,0.3364,0.1395,2.091,1.0498,1.39,0.4599,-6.0,5.83,-7.5,368.6
RAB10,200,23.6,30.45,97.53,0.6816,0.4647,2.825,1.1002,1.4327,0.597,3.3,8.56,1.2,101.8
RAB14,215,22.62,29.17,101.95,0.6515,0.425,2.744,1.0945,1.3355,0.6263,-2.6,5.82,-7.7,113.5
RAB7A,207,20.07,25.89,78.08,0.4215,0.1897,2.179,1.0556,1.2024,0.7318,0.0,6.58,0.0,50.6
RAB8B,207,23.41,30.2,83.56,0.5676,0.3257,2.548,1.0809,1.4025,0.6127,6.1,9.46,2.0,237.0
RAB9A,201,21.14,27.28,94.74,0.5718,0.3286,2.449,1.074,1.281,0.6827,-5.6,5.14,-6.7,189.8
RABGAP1L,815,37.16,47.93,141.81,0.3593,0.1464,2.041,1.0465,1.3225,0.3987,-28.2,5.05,-36.5,440.9
RAC1,192,16.93,21.84,63.74,0.1915,0.0536,1.54,1.0168,1.0437,0.9006,5.2,8.56,3.2,223.1
RAC3,192,17.03,21.97,65.82,0.1861,0.0518,1.529,1.0163,1.0498,0.8959,3.3,8.14,3.3,174.9
RACK1,317,18.3,23.61,56.86,0.1845,0.0477,1.495,1.0146,0.9325,0.835,1.8,7.54,-4.9,151.5
RAD17,681,36.27,46.79,132.09,0.2191,0.0589,1.548,1.0172,1.382,0.4202,-1.4,6.64,-8.4,869.6
RAD21,631,46.85,60.44,150.74,0.1848,0.0473,1.49,1.0144,1.8379,0.3262,-55.9,4.4,-53.7,695.5
RBBP4,425,22.75,29.35,91.14,0.2369,0.062,1.529,1.0163,1.0371,0.6705,-35.0,4.6,-22.4,422.4
RBM10,930,49.83,64.28,159.93,0.1914,0.0509,1.516,1.0156,1.6868,0.3063,-17.0,5.62,-14.1,521.0
RBM15B,890,49.62,64.01,158.78,0.1359,0.0254,1.329,1.0073,1.708,0.3102,39.2,10.19,22.8,418.0
RBM17,401,38.72,49.94,123.42,0.2321,0.0564,1.467,1.0132,1.8042,0.3952,-4.6,5.66,-7.8,478.8
RBM19,960,43.6,56.24,170.17,0.1833,0.0363,1.371,1.0089,1.4581,0.3525,-9.7,6.11,-34.2,747.1
RBM22,420,33.62,43.37,114.24,0.3539,0.1287,1.772,1.0297,1.5392,0.4479,9.8,8.54,-1.5,303.0
RBM28,759,41.64,53.72,134.62,0.0814,0.012,1.212,1.0033,1.5227,0.3711,25.4,9.66,2.8,865.0
RBM33,1170,57.98,74.79,156.33,0.0563,0.0066,1.15,1.0017,1.7985,0.267,-8.2,6.46,-11.5,2441.0
RBM34,430,39.07,50.4,137.85,0.1308,0.02,1.274,1.0053,1.7731,0.3947,41.8,10.58,22.3,856.3
RBM38,239,38.31,49.42,122.56,0.3566,0.1273,1.662,1.0234,2.1733,0.3954,3.4,8.92,0.2,93.5
RBM39,530,42.86,55.28,134.39,0.3174,0.1103,1.785,1.0305,1.7962,0.3511,32.9,10.52,32.3,2466.9
RBM4,364,37.85,48.83,119.61,0.4106,0.1737,1.977,1.0424,1.8299,0.393,-0.9,6.65,3.3,157.3
RBM42,480,43.39,55.98,140.37,0.1605,0.0333,1.385,1.0095,1.8886,0.3539,12.3,10.08,5.3,282.8
RBM5,815,45.58,58.8,145.31,0.1125,0.023,1.312,1.0066,1.6223,0.3379,-7.8,5.89,-11.5,985.8
RBM7,266,40.34,52.03,128.42,0.1196,0.0174,1.257,1.0047,2.197,0.3826,9.4,9.89,3.1,221.4
RBM8A,174,23.37,30.15,96.15,0.4429,0.1969,1.923,1.039,1.4958,0.6384,-5.5,5.41,2.1,576.7
REEP3,255,39.33,50.74,136.02,0.5649,0.3215,2.464,1.075,2.1769,0.3667,13.3,9.9,9.1,365.6
REEP4,257,46.84,60.42,191.86,0.7623,0.5891,5.501,1.2823,2.5848,0.2581,14.4,10.04,4.2,714.8
REEP5,189,25.71,33.17,92.85,0.6237,0.3893,2.538,1.0801,1.5947,0.5582,2.2,8.2,6.1,11.0
RELA,551,40.87,52.72,142.55,0.3697,0.1387,1.776,1.03,1.6878,0.3683,-10.1,5.36,-16.9,425.4
RHOC,193,17.02,21.95,67.5,0.3761,0.145,1.836,1.0336,1.0471,0.8814,-0.8,6.2,-4.8,178.3
RIOK1,568,35.37,45.63,131.78,0.372,0.1466,1.925,1.0391,1.444,0.4218,-9.6,5.79,-16.5,948.0
RIOK2,552,35.17,45.37,135.55,0.2185,0.0725,1.68,1.0244,1.4515,0.4303,-13.4,5.59,-18.3,642.1
RIOK3,519,37.16,47.94,136.34,0.3955,0.1755,2.215,1.058,1.57,0.3943,-16.3,5.43,-17.5,547.0
RNF40,1001,110.3,142.29,423.1,0.9102,0.8284,5.645,1.2915,3.6307,0.1088,-12.1,5.92,-16.6,685.0
RPL10A,217,18.95,24.44,53.91,0.4244,0.1907,2.156,1.0541,1.115,0.7763,21.6,10.37,20.2,256.2
RPL13,211,29.75,38.38,90.37,0.3531,0.165,2.388,1.0698,1.7697,0.4871,39.4,12.15,21.4,221.0
RPL27,136,15.32,19.76,54.5,0.4309,0.1937,2.12,1.0517,1.0767,0.9622,25.2,11.0,10.0,207.2
RPL4,427,49.01,63.22,157.53,0.5968,0.3714,3.402,1.1408,2.23,0.2773,71.9,11.54,47.4,1097.7
RPP30,268,21.89,28.24,90.56,0.4041,0.1646,1.839,1.0337,1.189,0.6851,8.6,9.17,6.2,96.8
RPS16,146,19.44,25.08,87.68,0.6287,0.3958,2.601,1.0845,1.3299,0.7354,18.2,10.59,6.0,196.4
RPS18,152,20.39,26.3,69.62,0.5807,0.3489,3.051,1.1161,1.3734,0.6814,20.5,11.47,12.2,349.9
RPS6KA1,735,31.86,41.1,127.93,0.5696,0.3298,2.655,1.0883,1.1794,0.4471,3.6,7.68,2.0,172.1
RRP1,461,35.4,45.67,133.88,0.2058,0.0485,1.464,1.0131,1.5645,0.4323,11.5,9.77,3.0,632.8
RRP36,259,41.63,53.71,123.97,0.5884,0.3543,2.921,1.1069,2.2906,0.3364,22.6,10.62,12.2,384.5
RSL1D1,490,43.44,56.03,150.18,0.1616,0.0443,1.479,1.0138,1.8757,0.3521,53.9,10.61,22.3,575.9
RTN4,1192,62.95,81.21,174.1,0.0657,0.0112,1.197,1.0029,1.9392,0.2456,-104.9,4.27,-70.6,1652.9
SAE1,346,23.08,29.77,82.0,0.2897,0.1151,1.976,1.0423,1.1374,0.6446,-10.5,5.04,-10.0,191.8
SCYL1,808,38.74,49.97,140.51,0.4949,0.2451,2.03,1.0458,1.3832,0.3827,-9.4,5.89,-21.7,1135.0
SEC16A,2357,66.45,85.73,212.93,0.1146,0.0159,1.244,1.0043,1.5798,0.2323,-58.3,5.44,-27.7,1248.2
SEC22B,215,26.81,34.59,105.21,0.7225,0.5227,3.237,1.1292,1.5834,0.5121,3.3,8.75,4.0,222.0
SEC23A,765,28.01,36.13,87.23,0.1597,0.0678,1.651,1.0228,1.021,0.5413,-1.3,6.65,-6.2,555.4
SEC23B,767,28.22,36.4,96.98,0.18,0.0714,1.687,1.0248,1.0277,0.5362,-3.2,6.43,-4.1,502.9
SEC24C,1094,37.12,47.88,134.48,0.1057,0.0154,1.245,1.0043,1.1812,0.4159,-0.6,6.68,-14.5,339.9
SEC24D,1032,36.8,47.47,132.29,0.1477,0.0219,1.242,1.0042,1.1973,0.4196,0.4,6.87,-14.9,320.7
SEC31A,1220,55.3,71.34,196.31,0.6123,0.3753,2.515,1.0785,1.6885,0.2599,-5.8,6.43,-4.1,1109.0
SEC61B,96,30.9,39.86,96.46,0.4659,0.2679,3.666,1.1593,2.4786,0.4329,10.1,12.06,6.0,164.9
SEPTIN7,437,42.04,54.23,195.08,0.6066,0.3775,3.141,1.1225,1.8961,0.3285,7.0,8.9,10.5,453.9
SF3A1,793,46.48,59.97,160.53,0.1306,0.0324,1.388,1.0097,1.6717,0.3303,-24.9,5.01,-21.6,145.7
SF3B1,1304,41.92,54.07,136.84,0.0963,0.015,1.242,1.0042,1.2479,0.3683,-2.8,6.66,-12.4,714.8
SF3B2,895,54.29,70.04,179.53,0.2461,0.0713,1.612,1.0206,1.8648,0.2798,-20.4,5.41,-26.7,1234.8
SF3B3,1217,34.39,44.36,107.52,0.288,0.0925,1.704,1.0257,1.051,0.4395,-41.4,5.0,-58.8,710.5
SF3B5,86,17.82,22.99,59.31,0.6096,0.397,4.406,1.2101,1.4907,0.719,-2.5,5.9,-3.6,61.9
SF3B6,125,15.68,20.23,49.17,0.2137,0.1142,2.071,1.0484,1.1379,0.943,7.1,9.7,4.1,50.6
SGPL1,568,29.53,38.09,114.31,0.3127,0.1041,1.719,1.0266,1.2055,0.5114,19.1,9.46,6.4,377.2
SH3GLB1,365,37.12,47.89,143.62,0.7153,0.5185,4.148,1.1925,1.7928,0.3502,-3.6,5.71,-1.8,150.2
SH3GLB2,395,35.66,46.0,140.62,0.7371,0.5448,3.547,1.151,1.6712,0.3778,-5.4,5.65,-4.8,104.5
SLC11A2,568,27.67,35.69,109.37,0.4629,0.2149,1.971,1.042,1.1295,0.5378,-7.0,5.68,-4.5,146.0
SLC15A4,577,28.97,37.37,128.7,0.2017,0.0797,1.754,1.0287,1.1757,0.5203,14.9,9.13,14.5,231.8
SLC18B1,456,27.11,34.98,120.21,0.4978,0.2603,2.541,1.0804,1.2033,0.5293,-7.6,5.01,-6.6,337.4
SLC2A1,492,23.46,30.27,82.65,0.29,0.1035,1.836,1.0336,1.0116,0.6393,6.5,8.88,1.3,255.1
SLC31A1,190,31.84,41.07,106.11,0.477,0.2445,2.564,1.0819,1.9707,0.4501,0.3,7.03,-1.9,129.3
SLC35F2,374,27.46,35.42,139.99,0.391,0.1981,2.721,1.0929,1.3138,0.5167,-2.6,5.82,3.3,200.6
SLC6A15,730,34.45,44.43,135.28,0.578,0.3371,2.57,1.0824,1.2783,0.4159,-18.1,4.93,-19.4,205.7
SLC7A1,629,25.88,33.38,91.68,0.3828,0.1516,1.889,1.0369,1.0162,0.5779,-6.7,5.16,-0.9,125.2
SLC9A3R1,358,34.72,44.78,121.86,0.6092,0.3717,2.516,1.0786,1.689,0.414,-8.2,5.46,-3.8,304.9
SLK,1235,56.36,72.71,227.25,0.494,0.2477,2.227,1.0589,1.7129,0.2598,-57.7,4.94,-62.6,970.6
SLX9,230,37.8,48.76,110.54,0.4817,0.2401,2.327,1.0656,2.1758,0.3849,18.3,11.57,10.1,415.7
SMARCA1,1042,39.85,51.41,151.55,0.2703,0.0912,1.762,1.0291,1.2919,0.378,7.7,8.19,-16.4,690.6
SMARCB1,385,33.1,42.7,102.03,0.6352,0.406,2.853,1.1022,1.5667,0.4249,-5.2,5.82,-6.8,402.1
SMARCC1,1105,56.57,72.97,198.03,0.3416,0.1193,1.717,1.0265,1.7933,0.267,-31.7,5.43,-28.9,403.9
SMARCC2,1214,58.5,75.46,236.55,0.357,0.1303,1.763,1.0292,1.7894,0.2575,-31.9,5.4,-23.8,1438.0
SMARCD1,515,45.95,59.28,145.85,0.5963,0.3593,2.717,1.0926,1.9472,0.3088,12.9,9.6,0.3,370.6
SMARCD2,531,47.61,61.42,160.35,0.5351,0.2863,2.141,1.0531,1.9942,0.3092,18.1,10.03,9.3,403.5
SMARCE1,411,51.28,66.16,181.98,0.5684,0.3263,2.533,1.0798,2.3675,0.28,-26.3,4.69,-30.8,846.8
SMN1,294,35.76,46.13,128.23,0.2755,0.0899,1.727,1.0271,1.8752,0.4221,-1.6,6.12,10.0,162.9
SNRNP40,357,23.29,30.05,95.14,0.3351,0.1488,2.236,1.0594,1.1345,0.6282,4.0,8.05,5.1,109.6
SNRPB2,225,22.71,29.29,74.69,0.5049,0.2632,2.439,1.0733,1.318,0.6361,12.4,10.14,11.0,275.6
SNRPF,86,14.61,18.84,51.06,0.275,0.1073,1.928,1.0393,1.2218,1.0214,-5.9,4.48,-6.0,146.9
SNX1,522,37.74,48.68,155.29,0.4382,0.2026,2.212,1.0578,1.5908,0.3884,-20.2,4.94,-22.8,293.5
SNX12,162,22.6,29.15,90.75,0.6055,0.3671,2.477,1.0759,1.4859,0.6377,2.2,8.79,2.0,77.9
SNX17,470,24.75,31.92,76.39,0.2236,0.0592,1.54,1.0169,1.0856,0.6161,0.7,7.24,-1.8,77.1
SNX2,519,34.88,45.0,118.78,0.3832,0.1496,1.832,1.0333,1.4737,0.4301,-21.2,4.9,-29.9,178.0
SNX27,541,34.51,44.51,141.15,0.4476,0.224,2.574,1.0827,1.4351,0.415,-7.3,6.05,-16.3,259.2
SNX3,162,21.45,27.67,81.0,0.5593,0.3145,2.393,1.0701,1.4107,0.6753,2.3,9.16,4.1,68.3
SNX4,450,33.18,42.81,122.03,0.5757,0.3373,2.716,1.0926,1.4801,0.4276,-9.8,5.63,-5.5,275.7
SNX5,404,27.79,35.85,108.01,0.5814,0.3417,2.627,1.0863,1.2912,0.5136,-2.9,6.32,-6.0,147.3
SNX9,595,32.56,42.0,108.02,0.2067,0.0431,1.366,1.0087,1.3059,0.4721,-13.9,5.29,-13.7,204.5
SOS1,1333,42.13,54.35,135.89,0.3204,0.1034,1.611,1.0206,1.2438,0.3606,-9.6,6.38,-12.8,236.9
SPAST,616,39.49,50.94,149.02,0.227,0.0814,1.752,1.0286,1.5632,0.3817,24.9,10.06,21.7,486.7
SPG21,308,18.64,24.04,60.68,0.2168,0.048,1.402,1.0103,0.9601,0.8234,-5.1,5.83,-8.6,54.6
SPNS1,528,26.67,34.41,95.05,0.4507,0.2052,2.011,1.0446,1.1195,0.5565,-2.3,6.19,-5.5,182.4
SPOUT1,376,31.6,40.76,123.03,0.7267,0.5312,3.708,1.1622,1.5088,0.4222,0.9,7.16,6.5,927.9
SPTLC1,473,30.56,39.43,104.29,0.453,0.208,2.045,1.0468,1.3376,0.4846,-8.0,5.66,-10.7,110.4
SQSTM1,440,37.94,48.94,118.39,0.0655,0.0154,1.226,1.0037,1.7068,0.4071,-19.7,4.97,-20.4,326.0
SRP19,144,22.85,29.47,89.47,0.6482,0.423,2.974,1.1107,1.5712,0.611,14.0,10.26,8.0,328.2
SRP68,627,49.62,64.0,199.47,0.5879,0.3554,3.004,1.1128,1.9509,0.2808,9.0,8.69,-8.4,441.8
SRP72,671,38.07,49.11,145.12,0.4398,0.2074,2.3,1.0638,1.4588,0.3828,25.4,9.63,12.4,919.8
SRP9,86,15.86,20.46,64.11,0.6477,0.4223,2.972,1.1106,1.3269,0.8801,1.2,8.2,0.1,73.0
SRPRA,638,35.78,46.16,129.1,0.3349,0.1122,1.597,1.0198,1.3978,0.4248,12.8,9.3,15.2,546.6
SSB,408,41.96,54.13,132.23,0.7402,0.5482,3.269,1.1315,1.9426,0.3265,-0.4,6.76,-5.7,280.6
STAG2,1231,41.29,53.27,131.21,0.2852,0.0939,1.737,1.0277,1.2565,0.3654,-40.1,5.15,-55.9,1408.6
STAM,540,40.98,52.86,142.53,0.2849,0.089,1.672,1.0239,1.7055,0.3695,-28.9,4.55,-7.7,796.6
STAM2,525,41.07,52.98,147.31,0.2892,0.0919,1.688,1.0249,1.7277,0.3683,-25.5,4.8,-6.3,661.1
STIM1,685,82.36,106.24,257.25,0.8256,0.6817,4.072,1.1874,3.1314,0.1585,-11.4,6.19,-7.2,517.9
STK26,416,23.58,30.42,71.46,0.1755,0.0368,1.398,1.0101,1.0837,0.6509,-13.3,5.03,-12.6,354.1
STK4,487,30.97,39.95,109.83,0.3582,0.1372,1.894,1.0372,1.3406,0.4826,-21.2,4.83,-16.8,327.0
STT3A,705,30.08,38.8,114.3,0.4048,0.1766,2.129,1.0523,1.1312,0.4898,5.6,8.0,-4.2,566.5
STT3B,826,39.05,50.38,186.09,0.5878,0.3465,2.467,1.0753,1.3828,0.3692,17.6,9.1,14.4,1345.6
STX10,249,37.38,48.21,150.01,0.8349,0.6988,5.387,1.2749,2.0874,0.3254,-13.6,4.66,-13.7,342.0
STX12,276,41.09,53.0,169.54,0.8733,0.7631,5.545,1.2851,2.2066,0.2936,-5.6,5.34,-6.7,851.8
STX18,335,48.16,62.13,195.61,0.7451,0.5622,4.774,1.2348,2.403,0.2607,-10.3,5.24,-14.8,815.1
STX6,255,39.91,51.48,161.03,0.8159,0.667,4.618,1.2244,2.2089,0.3173,-11.7,4.69,-10.7,206.0
STX7,261,30.54,39.39,119.23,0.5069,0.2932,3.51,1.1484,1.6753,0.4421,-5.6,5.29,-4.8,305.8
STX8,236,32.33,41.71,134.78,0.8242,0.6805,4.766,1.2342,1.843,0.3885,-8.9,4.76,-8.9,298.9
SUPT5H,1087,47.27,60.98,147.25,0.1783,0.0325,1.324,1.0071,1.5079,0.3257,-51.7,4.81,-62.2,1166.1
TAF12,161,29.87,38.53,86.65,0.3038,0.1591,2.543,1.0805,1.9689,0.4804,1.3,8.21,6.0,372.9
TAOK1,1001,64.03,82.6,252.28,0.8213,0.6754,4.485,1.2154,2.1077,0.1992,3.0,7.34,-1.2,1054.1
TCF25,676,34.09,43.97,120.79,0.2459,0.0736,1.639,1.0221,1.3026,0.445,-10.1,5.93,-9.6,423.0
TGFBRAP1,860,55.19,71.2,168.03,0.7498,0.5662,4.217,1.1973,1.9247,0.2346,-11.1,6.1,-7.7,509.3
TLK2,772,46.35,59.79,197.88,0.5515,0.3065,2.4,1.0706,1.684,0.3124,11.3,8.43,-0.1,433.9
TMED2,201,29.81,38.45,119.75,0.6561,0.4358,3.26,1.1308,1.8059,0.46,-8.5,4.95,-1.8,359.3
TMEM106B,274,51.03,65.82,169.86,0.9185,0.8439,6.97,1.3732,2.7481,0.2213,-0.5,6.59,-2.6,276.3
TMEM147,224,18.22,23.5,57.54,0.2539,0.0787,1.671,1.0239,1.0591,0.8312,1.5,7.63,0.3,106.8
TMEM192,271,33.56,43.29,135.51,0.73,0.5352,3.627,1.1566,1.8149,0.3995,3.1,7.91,-5.3,272.8
TMEM208,173,21.7,28.0,76.28,0.5203,0.2981,3.248,1.13,1.392,0.6322,5.3,9.6,5.1,161.2
TMEM63B,832,32.94,42.5,125.41,0.4267,0.1915,2.141,1.0531,1.1633,0.4469,2.1,7.09,-14.2,793.4
TOP1,765,37.99,49.01,133.25,0.1048,0.0212,1.296,1.006,1.385,0.4057,36.4,9.73,0.6,882.4
TRAPPC2,140,14.16,18.26,42.19,0.164,0.0384,1.429,1.0115,0.9841,1.0826,-3.2,6.04,-1.5,89.5
TRIM24,1050,53.55,69.08,192.68,0.4347,0.1928,2.021,1.0452,1.7311,0.277,-1.3,6.7,-14.0,1023.8
TRIM28,835,53.62,69.17,187.35,0.5389,0.2928,2.349,1.0671,1.8909,0.271,-19.0,5.44,-28.9,474.9
TRIM33,1127,55.18,71.19,191.7,0.3472,0.1245,1.766,1.0294,1.7364,0.2729,-9.8,6.21,-7.6,1714.7
TRIR,176,35.59,45.91,106.28,0.344,0.1652,2.451,1.0741,2.2676,0.4056,6.1,9.92,4.0,342.6
TRMT1L,733,35.88,46.29,124.95,0.329,0.1212,1.871,1.0358,1.3296,0.4171,6.6,7.72,-5.4,153.0
TSG101,390,44.61,57.55,173.18,0.6564,0.4353,3.186,1.1256,2.101,0.3087,-2.5,6.04,-4.7,247.9
TUBA1B,451,21.86,28.19,84.25,0.1672,0.0619,1.612,1.0206,0.974,0.6951,-22.7,4.81,-19.4,335.6
U2SURP,1029,53.08,68.48,169.69,0.2229,0.0661,1.614,1.0207,1.7291,0.2861,10.3,8.68,20.3,2049.4
UBA1,1058,33.92,43.76,107.46,0.1997,0.0555,1.548,1.0173,1.0933,0.4493,-22.7,5.41,-26.0,441.3
UBA5,404,29.8,38.44,115.5,0.474,0.2298,2.199,1.057,1.3847,0.4922,-21.4,4.64,-17.7,440.1
UBE2M,183,20.53,26.48,66.44,0.6172,0.3827,2.69,1.0908,1.2888,0.6924,1.2,7.69,0.1,98.7
ULK3,472,33.11,42.71,143.56,0.5842,0.3565,3.276,1.132,1.4503,0.4136,0.3,6.99,-5.7,388.8
UPF1,1129,40.24,51.91,159.35,0.1194,0.0161,1.239,1.0041,1.2653,0.3837,-7.8,6.16,-27.4,1719.7
USP10,798,39.87,51.43,133.67,0.1792,0.0425,1.452,1.0125,1.4305,0.384,-22.6,5.06,-27.5,704.4
USP36,1123,51.38,66.29,155.74,0.0845,0.0087,1.175,1.0023,1.6191,0.301,65.5,10.09,35.0,893.1
UTP14A,771,57.39,74.04,171.44,0.3254,0.1438,2.212,1.0578,2.0862,0.2554,2.5,7.93,-24.6,925.3
UTRN,1347,88.23,113.82,285.62,0.8186,0.6733,5.577,1.2871,2.5944,0.1365,-31.6,5.67,-39.4,1703.6
VAMP4,141,40.72,52.53,136.05,0.752,0.5833,8.0,1.66,2.8229,0.2294,0.2,7.32,-0.9,533.1
VAMP8,100,42.47,54.78,149.2,0.9688,0.9387,8.0,1.9595,3.3544,0.1863,0.2,7.32,0.2,350.8
VMP1,406,30.8,39.74,126.09,0.5464,0.3043,2.545,1.0806,1.4287,0.4658,-1.8,6.5,-5.3,269.5
VPS16,839,50.67,65.36,150.29,0.7315,0.5394,3.992,1.1819,1.7836,0.2589,-5.7,6.32,-5.9,636.7
VPS29,182,14.84,19.15,42.11,0.1656,0.0313,1.354,1.0082,0.9338,1.036,-2.1,6.32,-0.8,77.9
VPS35,796,47.0,60.64,140.62,0.7789,0.6081,4.04,1.1851,1.688,0.2783,-25.9,5.2,-38.0,197.6
VPS37B,285,46.27,59.69,154.64,0.7253,0.5343,4.569,1.2211,2.455,0.2744,0.2,7.31,5.1,241.8
VPS39,886,57.26,73.87,178.13,0.7731,0.6044,5.481,1.281,1.9744,0.2114,-4.5,6.54,-10.6,310.5
VPS4A,437,26.97,34.79,97.04,0.3564,0.1491,2.105,1.0507,1.2163,0.5471,2.0,7.74,-10.5,169.6
VPS8,1428,48.81,62.97,141.88,0.2517,0.1029,1.929,1.0393,1.4038,0.3056,-42.8,5.32,-41.9,1148.9
VRK3,474,31.15,40.19,116.13,0.2453,0.0731,1.635,1.0218,1.3623,0.487,17.0,9.28,6.3,407.8
VTI1A,217,39.67,51.17,153.29,0.8643,0.7485,6.329,1.3343,2.3342,0.2929,-1.7,6.03,-1.7,634.0
WASF2,498,42.15,54.37,125.99,0.1965,0.0436,1.43,1.0115,1.8088,0.3637,-7.6,5.24,-5.8,357.4
WDR12,423,24.37,31.44,92.03,0.5608,0.3177,2.498,1.0774,1.113,0.5904,-11.6,5.51,-7.6,115.4
WDR3,943,36.63,47.25,125.34,0.2982,0.1265,2.088,1.0496,1.2334,0.4032,-8.5,6.19,-15.6,740.3
WDR75,830,34.66,44.71,110.98,0.1961,0.0538,1.537,1.0167,1.2251,0.44,-17.8,5.58,-24.0,1011.9
WNK1,2382,65.78,84.86,208.04,0.1181,0.0156,1.235,1.004,1.5575,0.2348,-25.3,5.91,-14.8,1155.5
XPO5,1204,38.12,49.18,124.46,0.3664,0.1475,1.998,1.0437,1.1698,0.3896,-21.8,5.47,-53.4,310.3
YES1,543,27.81,35.87,93.52,0.2586,0.0797,1.669,1.0237,1.1549,0.5446,-2.2,6.32,-8.8,110.4
YWHAQ,245,20.09,25.92,73.59,0.2372,0.1088,2.008,1.0444,1.129,0.7389,-13.9,4.53,-21.0,183.7
YY1,414,34.16,44.06,105.97,0.2296,0.0571,1.492,1.0144,1.5725,0.4474,-17.0,5.79,-23.2,786.4
ZCCHC9,271,34.88,44.99,99.11,0.2356,0.0615,1.528,1.0162,1.8863,0.4374,16.7,9.5,12.1,279.1
