gene,compartment,plate_id,well_id
AAMP,cytoplasmic,P0012,B12
AATF,nucleolus_gc,P0012,E09
ACLY,cytoplasmic,P0007,A11
ACTR2,membrane,P0008,D09
ACTR5,nucleoplasm,P0021,E04
AGO2,cytoplasmic,P0013,H09
AKAP12,membrane,P0011,C04
AKAP8L,chromatin,P0016,D11
AKT1S1,cytoplasmic,P0019,A10
AKT2,membrane,P0013,A04
ANKRD17,cytoplasmic,P0015,G06
ANKRD28,cytoplasmic,P0015,G12
ANKRD46,er,P0015,H02
ANKRD52,cytoplasmic,P0015,G11
ANKRD54,nucleoplasm,P0015,G08
ANKZF1,cytoplasmic,P0015,H06
AP2B1,membrane,P0021,E12
AP2S1,membrane,P0019,E12
APPL1,vesicles,P0008,D08
APPL2,cytoplasmic,P0010,B12
ARAF,cytoplasmic,P0013,A06
ARF4,er,P0010,A07
ARF5,er,P0010,A08
ARF6,membrane,P0010,A09
ARHGAP35,cytoplasmic,P0009,A04
ARID1A,nucleoplasm,P0018,G06
ARL6IP1,er,P0005,H09
ATG12,cytoplasmic,P0021,C05
ATG14,vesicles,P0021,D03
ATG2A,vesicles,P0021,C12
ATG2B,vesicles,P0021,D01
ATG3,cytoplasmic,P0021,C07
ATG7,cytoplasmic,P0021,C11
ATG9A,vesicles,P0005,G03
ATP1A1,vesicles,P0003,C09
ATP2B1,membrane,P0003,D01
ATP6AP1,vesicles,P0018,E01
ATP6V0A1,vesicles,P0018,E03
ATP6V0D1,vesicles,P0018,E05
ATP6V1A,vesicles,P0018,E08
ATP6V1B2,vesicles,P0018,E09
ATP6V1H,vesicles,P0018,F02
ATXN10,cytoplasmic,P0018,G11
ATXN2L,cytoplasmic,P0016,A12
BAZ1A,chromatin,P0013,A10
BAZ1B,chromatin,P0013,A11
BCAP31,er,P0001,A03
BET1,vesicles,P0002,A03
BET1L,vesicles,P0002,A06
BNIP1,er,P0002,A09
BOP1,nucleolus_gc,P0012,C11
BRD2,nucleoplasm,P0013,B01
BRD3,nucleoplasm,P0013,B02
BRD4,nucleoplasm,P0013,B03
BTF3,cytoplasmic,P0005,F04
BUD23,nucleolus_gc,P0012,C09
BYSL,nucleolus_gc,P0012,E08
C14orf119,cytoplasmic,P0001,A06
C18orf21,nucleolus_gc,P0001,A10
C7orf50,nucleolus_gc,P0001,B10
C9orf78,nucleoplasm,P0011,C05
CAD,cytoplasmic,P0011,F04
CAMK1,cytoplasmic,P0013,B05
CANX,er,P0006,F07
CAPRIN1,cytoplasmic,P0016,B02
CASP3,cytoplasmic,P0019,B08
CCDC22,vesicles,P0007,H02
CCDC47,er,P0022,G11
CCDC86,nucleolus_gc,P0011,G08
CCDC93,vesicles,P0007,H03
CCT3,cytoplasmic,P0007,C08
CCT4,cytoplasmic,P0007,C09
CCT5,cytoplasmic,P0007,C10
CCT6A,cytoplasmic,P0007,C11
CD2BP2,nucleoplasm,P0018,C09
CD63,vesicles,P0001,C09
CDC42BPB,membrane,P0013,B09
CDC7,nucleoplasm,P0013,B10
CDK12,nucleoplasm,P0013,C01
CDK2,nucleoplasm,P0013,C04
CDK7,nucleoplasm,P0013,C07
CDK9,nucleoplasm,P0013,C08
CERS5,er,P0004,C04
CERS6,er,P0011,G06
CHEK1,nucleoplasm,P0008,E10
CHEK2,nucleoplasm,P0013,C09
CHM,cytoplasmic,P0005,G04
CHMP1A,vesicles,P0002,C05
CHMP3,vesicles,P0005,F07
CHMP4B,vesicles,P0002,C09
CHMP7,cytoplasmic,P0002,C12
CLCN7,vesicles,P0018,F06
CLINT1,vesicles,P0002,H05
CLTA,vesicles,P0001,C12
CLTB,vesicles,P0001,D01
CLTC,vesicles,P0001,D02
COMMD1,vesicles,P0007,H06
COMMD2,vesicles,P0007,H07
COMMD4,vesicles,P0007,H08
COMMD6,vesicles,P0007,H09
CORO1B,membrane,P0008,E11
CPSF6,nucleoplasm,P0011,B07
CSE1L,nucleoplasm,P0016,E06
CSK,cytoplasmic,P0011,H05
CTCF,nucleoplasm,P0019,D02
CTNNB1,membrane,P0010,H09
CTNNBL1,chromatin,P0011,H09
CTPS1,cytoplasmic,P0019,G12
CUTC,nucleoplasm,P0011,H07
CYB5R3,er,P0004,B05
DAD1,er,P0007,A10
DBNL,vesicles,P0008,F02
DCP1A,vesicles,P0002,H10
DCP1B,vesicles,P0002,H08
DCP2,vesicles,P0002,H09
DDB1,nucleoplasm,P0012,B10
DDOST,er,P0007,A04
DDX21,nucleolus_gc,P0012,C01
DDX39B,chromatin,P0019,F08
DDX47,nucleolus_gc,P0012,E11
DDX56,nucleolus_gc,P0012,D02
DHX37,nucleolus_gc,P0012,G08
DHX9,chromatin,P0012,B07
DIAPH1,cytoplasmic,P0009,F01
DNAJC13,vesicles,P0005,B12
DNAJC17,nucleoplasm,P0005,C02
DNAJC2,cytoplasmic,P0005,C04
DNM1,cytoplasmic,P0008,F03
DNM1L,vesicles,P0016,E01
DNTTIP1,nucleoplasm,P0011,H06
DRG1,cytoplasmic,P0018,C03
DYNC1LI1,cytoplasmic,P0017,A05
DYNC1LI2,cytoplasmic,P0017,A06
ECPAS,cytoplasmic,P0011,G04
EDC4,vesicles,P0002,H03
EEA1,vesicles,P0008,G01
EEF1G,cytoplasmic,P0019,F05
EFTUD2,chromatin,P0019,H01
EIF2AK2,cytoplasmic,P0010,H06
EIF3B,cytoplasmic,P0019,G03
EIF3G,cytoplasmic,P0019,F12
EIF3K,cytoplasmic,P0011,D06
EIF4A1,cytoplasmic,P0019,F07
EMC1,er,P0021,A11
EMC2,er,P0021,A12
EMC3,er,P0018,F03
EMC4,er,P0021,B01
EMC7,er,P0021,B02
EMC8,er,P0021,B03
ERG28,vesicles,P0001,A05
EZR,membrane,P0003,C10
FAM120A,cytoplasmic,P0016,B03
FAM241A,er,P0022,E11
FAM50B,nucleoplasm,P0018,D07
FASN,cytoplasmic,P0004,D08
FAU,cytoplasmic,P0011,H08
FKBP5,nucleoplasm,P0011,A08
FTH1,vesicles,P0021,D04
FXR1,cytoplasmic,P0016,B04
FXR2,cytoplasmic,P0016,B05
G3BP2,cytoplasmic,P0005,F06
GAK,vesicles,P0008,F09
GAPDH,cytoplasmic,P0011,B08
GLUL,cytoplasmic,P0012,A12
GNL2,nucleolus_gc,P0012,D08
GNL3,nucleolus_gc,P0012,B05
GOSR1,vesicles,P0002,A10
GOSR2,vesicles,P0002,A07
GPAT4,er,P0004,E09
GSK3A,cytoplasmic,P0013,F02
GSK3B,cytoplasmic,P0013,F03
GSPT1,cytoplasmic,P0019,H03
GYG1,cytoplasmic,P0018,A03
H1-0,nucleoplasm,P0011,D07
H2AZ1,chromatin,P0021,E09
HDAC1,nucleoplasm,P0016,A02
HDAC2,nucleoplasm,P0016,A03
HMGB2,nucleoplasm,P0019,F11
HMGN2,chromatin,P0021,E07
HNRNPC,nucleoplasm,P0021,E08
HNRNPD,nucleoplasm,P0021,E10
HNRNPH1,chromatin,P0019,E06
HNRNPU,nucleoplasm,P0021,E11
HSF1,nucleoplasm,P0005,D03
HSPA12A,membrane,P0005,D08
HSPA14,cytoplasmic,P0005,D09
HSPA4,nucleoplasm,P0005,D11
IKBKB,cytoplasmic,P0013,F06
IMP3,nucleolus_gc,P0012,D05
INPP4A,cytoplasmic,P0006,G03
INPP5K,er,P0006,G08
IPO11,nucleoplasm,P0016,E07
IRAK1,cytoplasmic,P0013,F08
ITPR3,vesicles,P0004,H02
JUN,nucleoplasm,P0018,F07
JUNB,chromatin,P0018,F09
KIAA0319L,vesicles,P0003,D12
KIAA1143,nucleoplasm,P0018,C02
KIF20A,cytoplasmic,P0017,B04
KIF3B,cytoplasmic,P0017,B10
KIF4A,nucleoplasm,P0017,B11
KIFBP,cytoplasmic,P0017,B02
KRAS,membrane,P0008,B07
LAMP1,vesicles,P0003,E01
LAMTOR2,vesicles,P0011,G01
LDHA,cytoplasmic,P0011,B01
LMAN1,vesicles,P0003,G12
LNPK,vesicles,P0002,H12
LPCAT1,er,P0004,F03
MAP2K1,cytoplasmic,P0013,F11
MAP2K2,cytoplasmic,P0013,F12
MAP3K7,cytoplasmic,P0013,G07
MAPK1,cytoplasmic,P0013,G09
MBOAT7,er,P0004,F08
MCOLN1,vesicles,P0018,F08
METAP2,cytoplasmic,P0019,G11
MFSD11,vesicles,P0018,C04
MFSD12,vesicles,P0021,F12
MKNK1,cytoplasmic,P0014,A08
MPHOSPH10,nucleolus_gc,P0012,H08
MTOR,cytoplasmic,P0001,D07
MYBBP1A,nucleolus_gc,P0003,F09
MYO1B,membrane,P0017,D02
MYO1C,membrane,P0017,D03
NAPG,cytoplasmic,P0002,B11
NCL,nucleolus_gc,P0012,A04
NCLN,er,P0022,G12
NEK9,cytoplasmic,P0014,B01
NEMF,cytoplasmic,P0021,D11
NFKB1,cytoplasmic,P0019,B02
NIFK,nucleolus_gc,P0010,G01
NMD3,nucleolus_gc,P0012,G05
NOL11,nucleolus_gc,P0012,C12
NOM1,nucleolus_gc,P0012,H07
NONO,nucleoplasm,P0017,H07
NOP2,nucleolus_gc,P0011,B09
NOP53,nucleolus_gc,P0012,C06
NPM3,nucleolus_gc,P0003,B09
NRBP1,cytoplasmic,P0014,B02
NSA2,nucleolus_gc,P0011,D03
NSDHL,er,P0004,B06
NUCKS1,chromatin,P0021,F04
NUFIP2,cytoplasmic,P0016,B08
NUMA1,nucleoplasm,P0012,G02
NVL,nucleolus_gc,P0012,F09
OCRL,cytoplasmic,P0006,F08
OSBPL8,er,P0001,E01
OST4,er,P0007,A09
OXSR1,cytoplasmic,P0014,B03
PABPC4,cytoplasmic,P0019,G06
PACSIN2,cytoplasmic,P0008,G08
PACSIN3,membrane,P0010,B03
PAK4,cytoplasmic,P0014,B04
PASK,cytoplasmic,P0014,B05
PDAP1,cytoplasmic,P0021,A04
PDCD11,nucleolus_gc,P0012,F12
PDCD6IP,cytoplasmic,P0005,F09
PDCL3,cytoplasmic,P0011,B11
PEX3,vesicles,P0016,H06
PFN1,cytoplasmic,P0009,F05
PHKG2,cytoplasmic,P0014,B09
PI4K2A,vesicles,P0006,H06
PI4KA,membrane,P0006,F03
PICALM,membrane,P0008,G11
PIK3C2A,cytoplasmic,P0006,F06
PIK3C3,cytoplasmic,P0006,H02
PIKFYVE,vesicles,P0006,H07
PIP4K2A,cytoplasmic,P0006,F12
PIP4K2C,membrane,P0006,G04
PIP4P1,vesicles,P0006,F10
PIP5K1C,membrane,P0006,H01
PKN1,cytoplasmic,P0014,C01
PLPP1,membrane,P0004,F10
PNPLA2,vesicles,P0021,D07
POLR2A,nucleoplasm,P0010,D12
POLR2C,nucleoplasm,P0010,E02
POLR2D,nucleoplasm,P0010,E03
POLR2I,nucleoplasm,P0010,E08
POLR3C,nucleoplasm,P0010,F03
PPM1G,nucleoplasm,P0019,H05
PPP6R1,cytoplasmic,P0018,B12
PRKDC,nucleoplasm,P0014,D01
PRMT9,nucleoplasm,P0017,F04
PRPF19,chromatin,P0019,G08
PRPF4B,chromatin,P0014,D02
PRPF8,chromatin,P0017,F02
PSMA5,nucleoplasm,P0006,B12
PSMB4,nucleoplasm,P0006,A03
PSMC4,nucleoplasm,P0006,C06
PSMC5,nucleoplasm,P0006,B06
PSMC6,nucleoplasm,P0006,C10
PSMD1,nucleoplasm,P0006,C09
PSMD13,nucleoplasm,P0006,C03
PSMD2,nucleoplasm,P0006,A11
PSMD7,nucleoplasm,P0006,C02
PSME1,cytoplasmic,P0006,D05
PSME2,cytoplasmic,P0006,D03
PSME3,nucleoplasm,P0006,A07
PTDSS2,er,P0004,G08
RAB10,er,P0001,E02
RAB14,vesicles,P0001,E07
RAB7A,vesicles,P0001,G04
RAB8B,er,P0001,G05
RAB9A,vesicles,P0001,G06
RABGAP1L,cytoplasmic,P0001,G11
RAC1,membrane,P0009,E05
RAC3,cytoplasmic,P0009,E06
RACK1,cytoplasmic,P0013,E04
RAD17,nucleoplasm,P0021,C01
RAD21,chromatin,P0019,D01
RBBP4,nucleoplasm,P0021,F03
RBM10,chromatin,P0017,F05
RBM15B,nucleoplasm,P0017,F10
RBM17,chromatin,P0017,F11
RBM19,nucleolus_gc,P0017,G01
RBM22,chromatin,P0017,G02
RBM28,nucleolus_gc,P0012,E04
RBM33,chromatin,P0017,G07
RBM34,nucleolus_gc,P0017,G08
RBM38,cytoplasmic,P0017,G09
RBM39,chromatin,P0017,G10
RBM4,nucleoplasm,P0017,G11
RBM42,chromatin,P0017,H01
RBM5,chromatin,P0017,H03
RBM7,nucleoplasm,P0017,H05
RBM8A,chromatin,P0017,H06
REEP3,er,P0016,C01
REEP4,er,P0016,C02
REEP5,er,P0016,C03
RELA,cytoplasmic,P0019,B01
RHOC,cytoplasmic,P0009,C09
RIOK1,cytoplasmic,P0014,D06
RIOK2,cytoplasmic,P0014,D07
RIOK3,cytoplasmic,P0014,D08
RNF40,nucleoplasm,P0019,G07
RPL10A,cytoplasmic,P0003,B12
RPL13,cytoplasmic,P0019,E04
RPL27,cytoplasmic,P0003,C02
RPL4,cytoplasmic,P0019,E03
RPP30,nucleolus_gc,P0012,F07
RPS16,cytoplasmic,P0011,E08
RPS18,cytoplasmic,P0019,F04
RPS6KA1,cytoplasmic,P0014,D11
RRP1,nucleolus_gc,P0003,B10
RRP36,nucleolus_gc,P0018,B10
RSL1D1,nucleolus_gc,P0012,B06
RTN4,er,P0001,H05
SAE1,nucleoplasm,P0019,G09
SCYL1,cytoplasmic,P0014,E07
SEC16A,vesicles,P0002,H04
SEC22B,vesicles,P0002,A05
SEC23A,vesicles,P0003,E07
SEC23B,vesicles,P0003,E08
SEC24C,vesicles,P0003,E12
SEC24D,vesicles,P0003,F01
SEC31A,vesicles,P0003,F02
SEC61B,er,P0001,H07
SEPTIN7,membrane,P0010,G09
SF3A1,chromatin,P0017,D06
SF3B1,chromatin,P0017,D09
SF3B2,chromatin,P0017,D10
SF3B3,chromatin,P0017,D11
SF3B5,chromatin,P0017,E01
SF3B6,chromatin,P0017,E02
SGPL1,er,P0004,D05
SH3GLB1,cytoplasmic,P0010,B10
SH3GLB2,cytoplasmic,P0010,B11
SLC11A2,vesicles,P0015,A02
SLC15A4,vesicles,P0015,G02
SLC18B1,vesicles,P0015,A07
SLC2A1,vesicles,P0015,B06
SLC31A1,vesicles,P0015,B11
SLC35F2,vesicles,P0015,C11
SLC6A15,vesicles,P0015,F03
SLC7A1,vesicles,P0005,G10
SLC9A3R1,vesicles,P0015,F07
SLK,cytoplasmic,P0014,E09
SLX9,nucleolus_gc,P0022,E08
SMARCA1,nucleoplasm,P0018,G08
SMARCB1,nucleoplasm,P0018,H02
SMARCC1,nucleoplasm,P0018,H03
SMARCC2,nucleoplasm,P0018,H04
SMARCD1,nucleoplasm,P0018,H05
SMARCD2,nucleoplasm,P0018,H06
SMARCE1,nucleoplasm,P0018,H08
SMN1,cytoplasmic,P0012,G11
SNRNP40,chromatin,P0017,F01
SNRPB2,chromatin,P0017,E06
SNRPF,chromatin,P0017,E11
SNX1,vesicles,P0010,C06
SNX12,vesicles,P0010,D03
SNX17,cytoplasmic,P0010,D07
SNX2,vesicles,P0010,C07
SNX27,vesicles,P0010,D09
SNX3,vesicles,P0010,C08
SNX4,vesicles,P0010,C09
SNX5,vesicles,P0010,C10
SNX9,cytoplasmic,P0008,H02
SOS1,cytoplasmic,P0009,E02
SPAST,vesicles,P0002,D05
SPG21,vesicles,P0021,H02
SPNS1,vesicles,P0021,G02
SPOUT1,nucleolus_gc,P0012,G10
SPTLC1,er,P0001,H09
SQSTM1,vesicles,P0005,E11
SRP19,cytoplasmic,P0018,A06
SRP68,cytoplasmic,P0012,D01
SRP72,cytoplasmic,P0018,A07
SRP9,nucleolus_gc,P0012,A07
SRPRA,er,P0018,A08
SSB,nucleoplasm,P0012,B03
STAG2,chromatin,P0019,C12
STAM,vesicles,P0002,D06
STAM2,vesicles,P0002,D07
STIM1,er,P0004,H01
STK26,cytoplasmic,P0014,F05
STK4,cytoplasmic,P0014,F08
STT3A,er,P0007,A05
STT3B,er,P0007,A06
STX10,vesicles,P0002,B05
STX12,vesicles,P0005,G12
STX18,er,P0002,B03
STX6,vesicles,P0002,B06
STX7,vesicles,P0002,B10
STX8,vesicles,P0002,A12
SUPT5H,nucleoplasm,P0012,E01
TAF12,nucleoplasm,P0003,B01
TAOK1,cytoplasmic,P0014,G01
TCF25,cytoplasmic,P0021,D12
TGFBRAP1,vesicles,P0021,A10
TLK2,nucleoplasm,P0014,G04
TMED2,vesicles,P0003,F08
TMEM106B,vesicles,P0022,D10
TMEM147,er,P0021,B07
TMEM192,vesicles,P0004,H07
TMEM208,er,P0021,H06
TMEM63B,vesicles,P0021,E05
TOP1,chromatin,P0011,F12
TRAPPC2,cytoplasmic,P0008,B01
TRIM24,chromatin,P0014,G05
TRIM28,nucleoplasm,P0014,G06
TRIM33,nucleoplasm,P0014,G07
TRIR,nucleoplasm,P0001,B03
TRMT1L,nucleolus_gc,P0021,H01
TRRAP,nucleoplasm,P0014,G08
TSG101,cytoplasmic,P0002,D08
TUBA1B,cytoplasmic,P0002,G10
U2SURP,chromatin,P0019,H02
UBA1,nucleoplasm,P0019,E10
UBA5,cytoplasmic,P0021,A07
UBE2M,nucleoplasm,P0018,B08
ULK3,vesicles,P0014,H03
UPF1,cytoplasmic,P0017,D05
USP10,cytoplasmic,P0016,B09
USP36,nucleolus_gc,P0012,H01
UTP14A,nucleolus_gc,P0012,F03
UTRN,membrane,P0009,F09
VAMP4,vesicles,P0002,C04
VAMP8,vesicles,P0002,B08
VMP1,er,P0021,G05
VPS16,vesicles,P0021,G07
VPS29,vesicles,P0019,D10
VPS35,vesicles,P0017,H02
VPS37B,cytoplasmic,P0002,D12
VPS39,vesicles,P0021,G11
VPS4A,vesicles,P0007,G12
VPS8,vesicles,P0021,A09
VRK3,nucleoplasm,P0014,H05
VTI1A,vesicles,P0002,B04
WASF2,cytoplasmic,P0008,H06
WDR12,nucleolus_gc,P0012,D12
WDR3,nucleolus_gc,P0011,G02
WDR75,nucleolus_gc,P0012,G04
WNK1,cytoplasmic,P0014,H07
XPO5,nucleoplasm,P0016,G12
YES1,membrane,P0014,H09
YWHAQ,cytoplasmic,P0008,A06
YY1,nucleoplasm,P0012,F01
ZCCHC9,nucleolus_gc,P0012,H05
