accession,ticker,verdict,impact,trap_type,what_happened,why_that_impact,saw_price_outcome,band,items,cik,filed_et,entry_px,already_moved,lag_min,session_dollars,url,agree,corrected_verdict,corrected_impact,final_verdict,final_impact
0001104659-26-080612,ESI,positive,high,,"Element Solutions announced it will be acquired by Solstice Advanced Materials under a merger agreement dated 6 July 2026, with holders receiving $10.00 cash plus 0.500 Solstice shares (~$50.10 per share, a 15% premium to the 2 July close) in a transaction valued at ~$14.5bn including net debt, leaving Element holders ~44% of the combined company.","This is a change of control of the entire company at a stated premium, the single most transformative event category for an equity. Supporting detail reinforces it: ~$6.8bn combined 2025 net sales, 26% adjusted EBITDA margin including run-rate synergies, >$180m net synergies by year three, first-year adjusted EPS accretion, and a $4.7bn Goldman Sachs bridge commitment, with closing targeted in H1 2027. For a mid-cap the acquisition consideration resets the equity value outright, so high. The 15% premium figure is part of the announced deal terms measured against the pre-announcement 2 July close and is not post-filing price action.",False,mid,"7.01,9.01",0001590714,2026-07-06 09:13:10-04:00,44.31,-0.0112,16.8,144071653,https://www.sec.gov/Archives/edgar/data/1590714/000110465926080612/0001104659-26-080612-index.htm,True,positive,high,positive,high
0000943374-26-000254,AFBI,neutral,low,,"At a special meeting on July 7, 2026, Affinity Bancshares shareholders approved the previously announced (March 30, 2026) Agreement and Plan of Merger under which the company and Affinity Bank merge into Fidelity Bank, with 4,169,011 for vs 24,648 against, plus an advisory say-on-golden-parachute vote (3,809,359 for / 384,329 against).","Pure Item 5.07 voting result: it confirms a deal already announced almost four months earlier and priced into the equity, clearing a known closing condition rather than adding information. Overwhelming margin and no adjournment needed means no surprise. Procedural for a microcap already trading as a merger target — not a trap (holders get consideration), but no incremental change to prospects.",False,micro,5.07,0001823406,2026-07-07 16:41:43-04:00,22.67,0.0018,1079.3,985776,https://www.sec.gov/Archives/edgar/data/1823406/000094337426000254/0000943374-26-000254-index.htm,,,,neutral,low
0001104659-26-086560,ARCB,neutral,low,,"ArcBest's board declared a regular quarterly cash dividend of $0.12 per share, payable August 21, 2026 to holders of record August 7, 2026, with no other substantive disclosure in the filing.","Dividend is at ArcBest's unchanged customary rate and the release contains nothing else - no guidance, no buyback, no transaction. Purely procedural capital-return housekeeping for a small-cap logistics company; does not change prospects.",False,small,"8.01,9.01",0000894405,2026-07-24 11:07:30-04:00,153.32,0.0009,1.5,77670497,https://www.sec.gov/Archives/edgar/data/894405/000110465926086560/0001104659-26-086560-index.htm,,,,neutral,low
0000717538-26-000110,AROW,neutral,low,,"Arrow Financial reported Q2 2026 net income of $11.0m / $0.66 diluted EPS (vs $13.5m / $0.82 in Q1 2026 and $0.66 in Q2 2025), including ~$1.0m ($0.05/sh) of Adirondack Bancorp merger costs and a $1.6m ($0.08/sh) specific reserve on one CRE credit whose borrower/guarantors filed bankruptcy in June, and declared its usual $0.30 quarterly dividend.","Small-cap community bank ($4.5bn assets, ~$446m equity) posting a routine quarter: backing out the disclosed merger costs and the isolated credit reserve leaves ~$0.79 vs $0.82 prior quarter, i.e. essentially flat. NIM slipped only 5bps to 3.43% FTE, charge-offs 8bps, NPLs 24bps, CET1 13.21%, loans +6.7% annualized, dividend maintained, and the $1.0bn Adirondack deal closed July 1 as already announced. The one bankrupt CRE borrower ($3.8m loan moved to non-accrual, NPAs 0.11% to 0.19% of assets) is a blemish, not a fundamental deterioration, so this is neither a trap nor a catalyst.",False,small,"2.02,7.01,8.01,9.01",0000717538,2026-07-23 07:29:51-04:00,40.235,0.0006,120.2,18055260,https://www.sec.gov/Archives/edgar/data/717538/000071753826000110/0000717538-26-000110-index.htm,,,,neutral,low
0001515156-26-000085,ARQ,neutral,low,,"Arq filed the separation agreement for Stacia Hansen, who resigned as Chief Accounting Officer effective June 12, 2026 (""as previously disclosed""), receiving $108,333 (four months' base salary) plus a customary release of claims.","This is a follow-up compliance filing for an already-public resignation, so the news value was largely spent. A CAO is below the CEO/CFO tier, the CEO remains in place, and the severance is small even for a microcap. Two soft flags kept me from calling it positive: no successor or interim is named, and the 8-K omits the usual 'not due to any disagreement' language while the exhibit pays the money 'solely for the purpose of compromising any and all potential claims.' Not enough to call a cloud on the face of the filing, so neutral rather than trap.",False,micro,"5.02,9.01",0001515156,2026-07-02 16:33:09-04:00,2.35,0.0352,5336.9,551135,https://www.sec.gov/Archives/edgar/data/1515156/000151515626000085/0001515156-26-000085-index.htm,,,,neutral,low
0001104659-26-086873,AUB,neutral,low,,Atlantic Union filed a preliminary prospectus supplement off its S-3ASR for a new series of Fixed-to-Floating Rate Subordinated Notes due 2036 (~$200 million) and furnished the fixed-income investor deck.,"Routine capital-structure management, not dilution: the notes are non-convertible subordinated debt, and roughly $168m of the $200m redeems the existing 4.25% notes due 2029. Pro forma CET1 (10.4%) and Tier 1 (10.9%) are unchanged and total risk-based capital rises to 14.5%, with no new share issuance. Credit disclosures in the deck (0.39% NPLs, 0.05% trailing NCOs, 1.47% adjusted operating ROA) are benign and were already public with Q2 earnings; the only soft spots — 274% CRE/RBC, 8.88% criticized office, 12.57% criticized multifamily — are pre-existing. Note: this is technically a shelf takedown, so if debt takedowns are scored as dilution traps this is the mildest possible case; on substance a refinancing at a mid-cap bank does not damage the equity.",False,mid,"8.01,9.01",0000883948,2026-07-27 08:50:39-04:00,42.53,0.0057,39.4,33410283,https://www.sec.gov/Archives/edgar/data/883948/000110465926086873/0001104659-26-086873-index.htm,,,,neutral,low
0000008947-26-000134,AZZ,neutral,low,,"AZZ reported the results of its July 7, 2026 annual meeting: all seven directors elected, say-on-pay approved (25.75m for vs 0.96m against), and Grant Thornton ratified as auditor for FY ending Feb 28, 2027 (28.5m for vs 13,453 against).","Pure Item 5.07 housekeeping with no adverse outcome anywhere — no failed say-on-pay, no director rejected, no auditor challenge. Carol Jackson drew relatively more dissent (2.1m against) but still passed comfortably. Contains zero new information about a mid-cap's earnings, contracts or capital structure.",False,mid,"5.07,9.01",0000008947,2026-07-07 12:52:15-04:00,143.59,0.0021,1.8,72589342,https://www.sec.gov/Archives/edgar/data/8947/000000894726000134/0000008947-26-000134-index.htm,,,,neutral,low
0001403475-26-000033,BMRC,neutral,low,,"Bank of Marin Bancorp announced it will host a webcast on July 27, 2026 to discuss Q2 2026 results, with no financial results disclosed in the filing.","Pure scheduling/logistics notice under Item 8.01 with zero new financial information; the only figures are boilerplate profile data ($3.9bn assets, 27 branches). Nothing here changes prospects for a small-cap bank.",False,small,"8.01,9.01",0001403475,2026-07-02 15:07:01-04:00,28.21,-0.0011,3.0,2084538,https://www.sec.gov/Archives/edgar/data/1403475/000140347526000033/0001403475-26-000033-index.htm,,,,neutral,low
0001493152-26-033689,BNAI,neutral,low,,"Brand Engagement Network appointed Christian Unterseer, founder of recently acquired Cataneo GmbH, to its board of directors effective 1 July 2026, with standard board equity compensation and no arrangements or related-party transactions to report.","This is a pure Item 5.02 director appointment following an already-completed acquisition, with no departures, no financing, and no operational or going-concern disclosure in the filing. Even for a microcap, seating a seller's founder on the board is a governance formality that does not alter prospects, so it grades low; nothing in this document is negative either, hence neutral rather than trap.",False,micro,"5.02,9.01",0001838163,2026-07-17 12:10:15-04:00,11.75,0.0095,1.8,4286418,https://www.sec.gov/Archives/edgar/data/1838163/000149315226033689/0001493152-26-033689-index.htm,,,,neutral,low
0001193125-26-313373,BPOP,neutral,low,,"Popular, Inc. announced that President and CEO Javier D. Ferrer will retire effective August 31, 2026 and leave the board, with CFO Jorge J. García promoted to President and CEO, Chief Risk Officer Lidio V. Soriano to EVP/CFO, and Luis F. Sousa to Chief Risk Officer, all effective September 1, 2026.","Not a departure under a cloud: the 8-K states the board resignation results from his retirement as CEO and 'not from any disagreement,' and the package (a $1.62m STI bonus, $2.6m restricted stock, $100k/month consulting for twelve months, three years of medical coverage, one-year non-compete) is a negotiated, friendly exit. The successors are all sitting internal executives, so this is an orderly succession with no change to strategy, guidance or capital plans. The only mild flag is Ferrer's short ~14-month CEO tenure. For a top-50 US bank holding company in the mid-cap band, an internal C-suite reshuffle does not measurably change enterprise value, so low.",False,mid,"5.02,7.01,9.01",0000763901,2026-07-23 08:08:30-04:00,175.12,0.0123,81.5,121886497,https://www.sec.gov/Archives/edgar/data/763901/000119312526313373/0001193125-26-313373-index.htm,,,,neutral,low
0001437749-26-023743,BSET,neutral,low,,"Bassett Furniture declared its regular quarterly cash dividend of $0.20 per share, payable August 28, 2026 to holders of record August 14, 2026, with no other transaction, restructuring or strategic action disclosed.","A dividend declaration at the customary rate is the textbook routine 8-K; even for a microcap it conveys no new information about earnings power, capital structure or strategy.",False,micro,"8.01,9.01",0000010329,2026-07-17 09:32:01-04:00,22.06,0.0085,9.0,7422712,https://www.sec.gov/Archives/edgar/data/10329/000143774926023743/0001437749-26-023743-index.htm,,,,neutral,low
0000023217-26-000032,CAG,neutral,low,,"Conagra closed a public offering of $500,000,000 of 5.400% Senior Notes due August 1, 2031 under a Fourth Supplemental Indenture, with BofA, Goldman Sachs, Mizuho and Wells Fargo leading.","Straight senior unsecured debt, not equity or convertibles, so there is no dilution and this is not a trap despite the 1.01/2.03 item combination. $500m of investment-grade term funding is ordinary balance-sheet maintenance for a mid-cap packaged-food issuer and almost certainly refinancing; no use of proceeds, covenant issue, or distress signal is disclosed. The 5.40% coupon is a mildly elevated cost of funds but is a macro rate fact, not a company event.",False,mid,"1.01,2.03,8.01,9.01",0000023217,2026-07-28 13:55:09-04:00,15.54,0.0003,1.9,134916314,https://www.sec.gov/Archives/edgar/data/23217/000002321726000032/0000023217-26-000032-index.htm,,,,neutral,low
0001829576-26-000073,CARE,neutral,low,,"Regulation FD furnishing of Carter Bankshares' Q2 2026 investor presentation for use with investors and analysts, also posted to the company website.","Exhibit-only investor-deck posting alongside already-released Q2 results. Everything notable in the deck was previously disclosed: the 1Q sale of the largest nonperforming relationship (-$209.5m loans), the $35.9m Bearing Insurance gain, the $139.4m AFS securities repositioning, and the April 22 dividend reinstatement. Reported metrics are solid (adjusted EPS $0.53, NIM 3.40%, NPLs 1.01%, CET1 14.26%) but the filing itself contains no new information, which is the definition of low.",False,small,"7.01,9.01",0001829576,2026-07-27 11:24:16-04:00,34.33,0.0,1.7,21995663,https://www.sec.gov/Archives/edgar/data/1829576/000182957626000073/0001829576-26-000073-index.htm,,,,neutral,low
0001193125-26-300313,CCNE,neutral,low,,"Director Gary Olson resigned from the boards of CNB Financial Corporation and subsidiary CNB Bank effective July 31, 2026, citing personal reasons, with an explicit statement that the resignation did not result from any disagreement over operations, policies or practices.","A single non-executive director stepping down with the standard no-disagreement language, no severance, no named successor issue and no accompanying operational disclosure is routine governance housekeeping; nothing here changes the bank's earning power or risk profile.",False,small,5.02,0000736772,2026-07-10 08:30:15-04:00,33.32,-0.0042,59.8,13048140,https://www.sec.gov/Archives/edgar/data/736772/000119312526300313/0001193125-26-300313-index.htm,,,,neutral,low
0001437749-26-024557,CNOB,neutral,low,,"ConnectOne Bancorp furnished a routine 25-page July 2026 investor presentation (image-only deck) covering company overview, leadership, footprint and non-GAAP definitions as of June 30, 2026.","I inspected the deck pages directly (title, forward-looking statements, non-GAAP, leadership team, 'ConnectOne at a Glance': $14.4bn assets, $11.9bn loans, $11.7bn deposits, $1.7bn market cap). It is a standard post-earnings corporate overview with no transaction, no capital raise or offering legend, and no new guidance. Exhibit-only investor-deck posting is textbook low.",False,small,"8.01,9.01",0000712771,2026-07-28 07:01:10-04:00,32.99,0.0067,148.8,24144734,https://www.sec.gov/Archives/edgar/data/712771/000143774926024557/0001437749-26-024557-index.htm,,,,neutral,low
0001193125-26-321208,DIOD,neutral,low,,"Diodes elected Evan Yu — a former Diodes SVP of Worldwide Power Products (2008 to his January 2023 retirement) and ex-Texas Instruments executive — as an independent director effective August 1, 2026, and issued a press release about it.","Routine governance: an addition to the board, not a departure. The filing explicitly reports no director departures, no disagreement, and no separation or compensation terms, and the appointee qualifies as independent under Nasdaq rules. A single non-executive board seat changes nothing about a mid-cap semiconductor company's earnings or strategy; the 5.02 item code looks interesting but the substance is an appointment plus a Reg FD press release.",False,mid,"5.02,7.01,9.01",0000029002,2026-07-28 13:00:14-04:00,81.16,-0.0033,2.8,33977420,https://www.sec.gov/Archives/edgar/data/29002/000119312526321208/0001193125-26-321208-index.htm,,,,neutral,low
0001104659-26-084905,ESI,neutral,low,,"Element Solutions furnished, under Item 7.01, an investor update presentation on the previously announced acquisition of Element Solutions by Solstice Advanced Materials, restating >$180m of net synergies by year three, ~$6.8bn pro forma 2025 net sales at a 26% adjusted EBITDA margin, ~3.5x net leverage at close de-levering below 3x within 18 months, and a $4.7bn committed bridge.","The M&A catalyst was not this filing. Checking ESI's EDGAR filing history, the merger agreement was signed and announced on July 6, 2026 (8-K acc 0001104659-26-080825 with the Exhibit 2.1 merger agreement, plus the announcement deck at acc 0001104659-26-080612), on terms of $10.00 cash plus 0.500 Solstice shares, ~$50.10 implied per Element share, ~15% premium, expected close in 1H 2027. This July 20 deck contains the same synergy, pro forma, leverage and bridge figures and discloses no consideration terms, premium, ownership split or closing date that were not already public two weeks earlier. It is an exhibit-only re-posting of deal materials, which the rubric puts squarely at low. The underlying transaction is a change of control and would be high impact, but the tradeable information content of this specific filing is nil.",False,mid,"7.01,9.01",0001590714,2026-07-20 08:25:44-04:00,37.92,0.0032,64.3,220837306,https://www.sec.gov/Archives/edgar/data/1590714/000110465926084905/0001104659-26-084905-index.htm,,,,neutral,low
0001193125-26-297378,FMAO,neutral,low,,"Farmers & Merchants Bancorp appointed Gregory R. Allen to its Board of Directors effective June 30, 2026 to fill an open vacancy, with standard non-employee director pay including a $17,500 prorated stock award.","Purely procedural governance housekeeping: one independent director filling a vacancy, standard director compensation, no related-party transactions, no departure, and committee assignments not even determined yet. Nothing here changes the bank's earnings power or strategic direction.",False,small,5.02,0000792966,2026-07-07 15:19:30-04:00,30.38,0.0015,8.5,6789099,https://www.sec.gov/Archives/edgar/data/792966/000119312526297378/0001193125-26-297378-index.htm,,,,neutral,low
0000723646-26-000063,FRAF,neutral,low,,"Franklin Financial reported Q2 2026 diluted EPS of $1.47 vs $1.32 and net income of $6.6m vs $5.9m on net interest income of $19.3m (+12.2%), while disclosing nonperforming loans rose to $17.7m (1.10% of gross loans, from 0.55% at year-end 2025) on two CRE credits, provision of $1.6m vs $0.7m, and a $0.34 quarterly dividend.","Routine quarterly earnings with no guidance element: the headline growth is real but offset by genuine credit deterioration, so the two roughly cancel. The problem CRE exposure ($17.4m of two loans, ~1.1% of a $1.61bn book, $21.9m total ACL at 1.36%, $183.8m equity) is a blemish and worth watching — including the matured $7.0m construction loan where the bank committed up to $2.5m of additional funding under forbearance — but it is disclosed, reserved and not solvency-threatening, and there is no going-concern, capital-raise or regulatory language, so it falls short of a trap.",False,micro,"2.02,9.01",0000723646,2026-07-24 07:45:27-04:00,61.92,-0.0063,104.5,19226429,https://www.sec.gov/Archives/edgar/data/723646/000072364626000063/0000723646-26-000063-index.htm,,,,neutral,low
0000723646-26-000065,FRAF,neutral,low,,"Franklin Financial Services furnished, under Item 7.01, an investor presentation dated July 24, 2026 for use in meetings with investors and analysts; despite a 'Q2 2026' header the financial data runs only through the quarter ended March 31, 2026, and the deck announces no acquisition, capital raise, buyback, or guidance.","Exhibit-only Reg FD posting of a slide deck recycling already-reported Q1 2026 results. No new period is disclosed and nothing changes the bank's prospects, so it is routine even for a microcap.",False,micro,"7.01,9.01",0000723646,2026-07-24 08:00:23-04:00,61.92,-0.0063,89.6,19226429,https://www.sec.gov/Archives/edgar/data/723646/000072364626000065/0000723646-26-000065-index.htm,,,,neutral,low
0000712534-26-000048,FRME,neutral,low,,"First Merchants disclosed that director Dr. Mung Chiang resigned from the board effective July 1, 2026 because a change in his professional responsibilities relocates him outside the company's primary market area; board size fell from 13 to 12.","A single non-executive director departing for a stated logistical reason, with the standard affirmation that it was ""not the result of any disagreement with the Company on any matter relating to the Company's operations, policies or practices."" No officer change, no cloud, no strategic consequence for a mid-cap bank holding company.",False,mid,5.02,0000712534,2026-07-02 16:10:19-04:00,43.62,0.0041,5359.7,14338271,https://www.sec.gov/Archives/edgar/data/712534/000071253426000048/0000712534-26-000048-index.htm,,,,neutral,low
0001628280-26-048805,FSBC,neutral,low,,"Five Star Bancorp announced its board declared a quarterly cash dividend of $0.25 per share, record August 3 and payable August 10, 2026, and mentioned opening a Lodi, California branch in July 2026 (tenth branch).","A furnished (Item 7.01) dividend declaration with no stated prior rate and no characterization as an increase — the textbook routine capital return. The only other content is a single de novo branch opening, immaterial to a small-cap bank's earnings. No trap: nothing in the filing touches capital raising, credit, or accounting.",False,small,"7.01,9.01",0001275168,2026-07-20 14:06:20-04:00,48.64,0.001,21.7,14869614,https://www.sec.gov/Archives/edgar/data/1275168/000162828026048805/0001628280-26-048805-index.htm,,,,neutral,low
0001628280-26-047852,FSBC,neutral,low,,"Five Star Bancorp announced it will report Q2 2026 results after the close on July 22, 2026 with a webcast on July 23, 2026.","Item 7.01 date-announcement only. Despite the exhibit being labelled an 'earnings release', it contains no EPS, revenue, NIM, credit or capital data and no guidance, so there is nothing for the market to reprice.",False,small,"7.01,9.01",0001275168,2026-07-10 12:09:26-04:00,48.36,0.0026,6.6,22117538,https://www.sec.gov/Archives/edgar/data/1275168/000162828026047852/0001628280-26-047852-index.htm,,,,neutral,low
0001628280-26-047052,HBCP,neutral,low,,Home Bancorp furnished a Regulation FD press release scheduling its Q2 2026 earnings release for after the close on 20 July 2026 and a conference call on 21 July 2026 at 10:30 a.m. CDT.,"The exhibit is a calendar notice containing no financial figures, no guidance and no commentary; every substantive metric is deferred to the actual release. This is the most routine category of 8-K there is and carries no information about the bank's prospects, so low and neutral regardless of the small-cap size band.",False,small,"7.01,9.01",0001436425,2026-07-02 17:31:53-04:00,69.12,-0.0029,5280.1,6654238,https://www.sec.gov/Archives/edgar/data/1436425/000162828026047052/0001628280-26-047052-index.htm,,,,neutral,low
0001538263-26-000095,HTB,neutral,low,,"HomeTrust Bancshares reported Q2 2026 net income of $15.6 million ($0.94 diluted EPS), down 6.8% sequentially from $16.8 million on lower fee income and higher expenses but up 2.1% year-over-year for the half, with net interest margin expanding to 4.41% from 4.31% and the quarterly dividend raised 15.4% to $0.15.","Routine quarterly bank earnings with roughly offsetting content: positives are NIM expansion, 8.5% annualized loan growth, a dividend increase and continued buybacks; negatives are the sequential earnings decline, a higher $920k provision, a $1.1m loss on redemption of junior subordinated debt, and nonperforming assets at 1.23% of total assets skewed 55.4% toward SBA loans. No guidance was given and no metric surprises enough to reprice a small-cap bank, so low - and not a trap, since there is no restatement, credit event, or guidance cut.",False,small,"2.02,7.01,9.01",0001538263,2026-07-23 08:05:34-04:00,47.67,-0.0167,84.4,20084178,https://www.sec.gov/Archives/edgar/data/1538263/000153826326000095/0001538263-26-000095-index.htm,,,,neutral,low
0001538263-26-000091,HTB,neutral,low,,"HomeTrust Bancshares stated in a one-sentence Item 8.01 that it 'intends to issue its second quarter 2026 earnings release before the market opens on July 23, 2026.'","Pure scheduling notice with no financial content, no preliminary figures, and no other disclosure in the document. Procedural at any market cap.",False,small,8.01,0001538263,2026-07-07 08:56:15-04:00,50.54,0.0181,33.8,9456855,https://www.sec.gov/Archives/edgar/data/1538263/000153826326000091/0001538263-26-000091-index.htm,,,,neutral,low
0001104659-26-087344,JMSB,neutral,low,,"Management furnished the slide deck for its participation in the KBW 2026 Summer Bank Conference on July 28, 2026.","Conference-attendance disclosure with a recap deck and no new material information — no merger, capital action, guidance or credit event. The underlying numbers are favorable for this microcap ($2.4bn assets, NIM 2.99% up 12bp, ROAA 1.13%, zero non-accruals, dividend raised to $0.10) but were disclosed with Q2 earnings, so the filing is procedural.",False,micro,"7.01,9.01",0001710482,2026-07-28 09:00:15-04:00,23.43,0.006,40.8,7419795,https://www.sec.gov/Archives/edgar/data/1710482/000110465926087344/0001104659-26-087344-index.htm,,,,neutral,low
0001193125-26-296190,KLRS,neutral,low,,"Kalaris Therapeutics disclosed that director and audit committee member Morana Jovan-Embiricos resigned effective July 3, 2026 (stated as unrelated to any disagreement with the company), and that Laurie Keating was elected as a Class I director and audit committee member effective August 1, 2026 with an 18,000-share option grant, $40,000 board retainer and $7,500 committee fee.","An orderly one-for-one board and audit-committee substitution with standard director compensation. Even for a microcap biotech this is procedural — no disagreement, no accounting or auditor implication, no pipeline, financing, restructuring or clinical disclosure accompanies it.",False,micro,5.02,0001754068,2026-07-06 16:11:47-04:00,4.805,0.0333,1038.2,479636,https://www.sec.gov/Archives/edgar/data/1754068/000119312526296190/0001193125-26-296190-index.htm,,,,neutral,low
0001628280-26-047432,LAZ,neutral,low,,"Lazard appointed Kathy Elsesser (retired Goldman Sachs partner, TPG director) to its board effective July 7, 2026, as Andrew M. Alper retired after more than 13 years of service.","Routine board refresh — a long-tenured director retiring on schedule and a credentialed replacement joining. The CEO quote tying her to the ""Lazard 2030 strategy"" is framing, not a change in the firm's economics. No management change, no financial disclosure, nothing that alters a mid-cap advisory firm's earning power.",False,mid,"5.02,7.01,9.01",0001311370,2026-07-07 08:31:08-04:00,43.725,0.0379,58.9,72928139,https://www.sec.gov/Archives/edgar/data/1311370/000162828026047432/0001628280-26-047432-index.htm,,,,neutral,low
0000721994-26-000058,LKFN,neutral,low,,"Lakeland Financial's board declared a quarterly cash dividend of $0.52 per share, payable August 5, 2026 to holders of record July 25, 2026.","A dividend at the existing rate: SEC XBRL shows LKFN already declared $0.52 for Q1 2026 (up from $0.50 through 2025), so this is a maintenance declaration, not an increase. Routine capital-return housekeeping for a small-cap bank.",False,small,"7.01,9.01",0000721994,2026-07-14 14:16:22-04:00,60.635,0.0006,9.6,28873804,https://www.sec.gov/Archives/edgar/data/721994/000072199426000058/0000721994-26-000058-index.htm,,,,neutral,low
0001396440-26-000084,MAIN,neutral,low,,"Main Street Capital issued its 'Second Quarter 2026 Private Loan Portfolio Activity' release: $319.0m of new or increased private-loan commitments and $238.9m funded at cost during Q2, with the private loan portfolio at ~$2.1bn of cost across 86 companies, 93.6% first lien senior secured.","This is a recurring quarterly origination update that Main Street publishes ahead of every earnings report. Despite the Item 2.02 tag it contains no NAV per share, no net investment income or DNII figure or estimate, no dividend declaration, no prior-period comparison and no guidance. Origination volume of this size is ordinary course against a ~$2.1bn private loan book at a mid-cap BDC, so nothing here changes the earnings or NAV outlook.",False,mid,"2.02,9.01",0001396440,2026-07-09 09:38:49-04:00,51.13,-0.0002,1.2,24280642,https://www.sec.gov/Archives/edgar/data/1396440/000139644026000084/0001396440-26-000084-index.htm,,,,neutral,low
0001437749-26-022691,MNSB,neutral,low,,"MainStreet Bancshares furnished an Item 7.01 notice that it will hold a virtual webcast and quarterly earnings conference call on July 20, 2026 at 2:00 p.m. ET to discuss Q2 results and recent activities, with registration contact details.","Purely logistical scheduling notice with no financial content, no results, no guidance and no transaction. This is the definition of a procedural Regulation FD filing and cannot change the company's prospects even for a microcap.",False,micro,7.01,0001693577,2026-07-06 09:51:29-04:00,24.86,0.0106,24.5,441802,https://www.sec.gov/Archives/edgar/data/1693577/000143774926022691/0001437749-26-022691-index.htm,,,,neutral,low
0001437749-26-023920,MNSB,neutral,low,,"MainStreet Bancshares' board declared a $0.10 per share cash dividend payable August 11, 2026 to shareholders of record August 4, 2026.","A dividend declaration at the established rate with no increase, no special component, and no accompanying commentary beyond boilerplate that future dividends stay at board discretion. This is the textbook routine quarterly declaration the grading rules put at the bottom of the scale.",False,micro,8.01,0001693577,2026-07-21 09:32:16-04:00,24.17,-0.0094,9.7,6325515,https://www.sec.gov/Archives/edgar/data/1693577/000143774926023920/0001437749-26-023920-index.htm,,,,neutral,low
0001535778-26-000074,MSIF,neutral,low,,"Filed under Item 2.02 but the release is only a Q2 2026 private loan portfolio activity update: $74.4m of new/increased commitments, $62.2m funded, portfolio ~$856.3m at cost across 81 companies, 92.4% first-lien senior secured.","Procedural pre-earnings origination update from a BDC — no NAV per share, no net investment income, no dividend change, no guidance, no capital raise. Roughly $62m funded against an $856m private loan book is ordinary-course deployment for this small-cap fund and does not change prospects.",False,small,"2.02,9.01",0001535778,2026-07-09 09:39:31-04:00,11.49,0.0035,3.5,6781911,https://www.sec.gov/Archives/edgar/data/1535778/000153577826000074/0001535778-26-000074-index.htm,,,,neutral,low
0001084991-26-000064,NGS,neutral,low,,"Ham, Langston & Brezina resigned as Natural Gas Services Group's auditor on July 9, 2026 as a consequence of CohnReznick LLP acquiring certain HL&B assets, and CohnReznick was engaged the same day for FY2026; the filing states there were no disagreements, no reportable events, and no adverse, qualified or going-concern-modified opinions for FY2025 or FY2024.","Item 4.01 auditor changes are the classic false positive: the word 'resigned' here reflects HL&B's practice being absorbed by CohnReznick, not audit friction. Clean prior opinions, no disagreements, no reportable events and immediate seamless replacement by a larger national firm make this administrative — arguably a marginal upgrade in audit quality, not a trap.",False,small,4.01,0001084991,2026-07-10 14:01:50-04:00,40.1,0.0012,8.2,12354452,https://www.sec.gov/Archives/edgar/data/1084991/000108499126000064/0001084991-26-000064-index.htm,,,,neutral,low
0001084991-26-000070,NGS,neutral,low,,"Natural Gas Services Group completed its redomestication from a Colorado to a Texas corporation effective July 20, 2026, adopting a new Texas certificate of incorporation and bylaws (Items 3.03/5.03), entering replacement director and officer indemnification agreements (Item 1.01), and filing an updated Jones & Keller legal opinion for its existing Form S-8 registration statements (Item 8.01).","A pure state-of-incorporation conversion with no dollar amounts, no financing or dilution, no rights plan, and no change to the capital structure or business. The five item codes look busy but every one is mechanical paperwork attached to the redomestication.",False,small,"1.01,3.03,5.03,8.01,9.01",0001084991,2026-07-24 15:03:43-04:00,36.15,0.0071,1.3,13399153,https://www.sec.gov/Archives/edgar/data/1084991/000108499126000070/0001084991-26-000070-index.htm,,,,neutral,low
0000357173-26-000039,OSBC,neutral,low,,Old Second Bancorp's board declared a cash dividend of $0.07 per share payable 10 August 2026 to holders of record on 31 July 2026.,"The entire Item 8.01 is a single sentence declaring a quarterly dividend at an ordinary rate; the filing does not characterise it as an increase, offers no comparison to prior quarters, and contains no buyback authorisation or other content. A routine dividend declaration is explicitly low-impact and is neither good nor bad news for a small-cap bank, so neutral and low.",False,small,8.01,0000357173,2026-07-21 11:00:08-04:00,23.5,0.0,1.9,14972576,https://www.sec.gov/Archives/edgar/data/357173/000035717326000039/0000357173-26-000039-index.htm,,,,neutral,low
0000357173-26-000037,OSBC,neutral,low,,"Old Second Bancorp director John Williams, Jr. resigned from the board effective July 7, 2026 under the company's Director Resignation Policy requiring resignation upon reaching age 73; the vacancy will not be filled and board size is being reduced by one.","An age-mandated director retirement, with the filing stating explicitly that it 'is not the result of any disagreement with the Company' — so this is not an executive departure under a cloud. No CEO/CFO involvement, no severance, no strategy implication; shrinking the board by one seat is housekeeping for a small-cap bank.",False,small,5.02,0000357173,2026-07-08 11:00:06-04:00,22.63,0.0,1.9,16005780,https://www.sec.gov/Archives/edgar/data/357173/000035717326000037/0000357173-26-000037-index.htm,,,,neutral,low
0000318300-26-000187,PEBO,neutral,low,,"Peoples Bancorp furnished the transcript of its quarterly earnings conference call held on July 21, 2026, as Exhibit 99.1, together with the customary non-GAAP reconciliation tables (efficiency ratio, tangible book value per share, pre-provision net revenue, returns on average assets and tangible equity).","The results themselves were released on July 21 in a separate 8-K (acc 0000318300-26-000183, items 2.02/8.01/9.01); this July 27 filing merely papers the already-held call, matching the company's standing pattern (April 21 release, April 27 transcript). No new figures, no revised guidance, and the material is expressly furnished rather than filed. Housekeeping.",False,small,"2.02,9.01",0000318300,2026-07-27 13:35:38-04:00,40.57,-0.0002,3.4,28320091,https://www.sec.gov/Archives/edgar/data/318300/000031830026000187/0000318300-26-000187-index.htm,,,,neutral,low
0001104659-26-084657,PLCE,neutral,low,,"Director Douglas Edwards resigned from The Children's Place board effective immediately on July 13, 2026 with an explicit statement that it was not the result of any disagreement; the board reconstituted committees, leaving the Audit Committee with only two members and therefore out of compliance with Nasdaq Listing Rule 5605(c)(2)(A) until a third member is appointed.","A single non-executive director exit with boilerplate no-disagreement language is procedural, and the Audit Committee shortfall carries a cure period running to the earlier of the May 2027 annual meeting or July 13, 2027, so it is a governance blemish rather than a listing threat. Not graded a trap because the departure is a director rather than an executive and no cloud is disclosed - but worth flagging that an effective-immediately resignation by the governance-committee chair and audit-committee member at a tightly controlled microcap is the kind of detail that sometimes precedes worse news.",False,micro,"5.02,9.01",0001041859,2026-07-17 16:30:32-04:00,2.995,0.0118,3899.5,1972770,https://www.sec.gov/Archives/edgar/data/1041859/000110465926084657/0001104659-26-084657-index.htm,,,,neutral,low
0001171843-26-004654,PROF,neutral,low,,"Profound Medical furnished a press release listing eight upcoming TULSA-PRO presentations at the Society of Robotic Surgery annual meeting (July 23-26, 2026), including sessions referencing the CAPTAIN randomised trial, and noted its selection for a Society of Incisionless Surgery plenary.","A conference-attendance and presentation-schedule release: verified against the exhibit, it contains no new clinical results, no numeric endpoints, no revenue or reimbursement decision and no regulatory milestone — the only figures are historical context (100th procedure in 2022, CPT Category 1 codes effective January 2025). Promotional in tone but immaterial to enterprise value even at microcap scale, since the underlying data are pre-existing.",False,micro,"7.01,9.01",0001628808,2026-07-15 08:00:32-04:00,7.16,0.0085,89.5,2867732,https://www.sec.gov/Archives/edgar/data/1628808/000117184326004654/0001171843-26-004654-index.htm,,,,neutral,low
0001193125-26-303307,PVLA,neutral,low,,Palvella Therapeutics posted a July 2026 corporate presentation to its website for use in investor meetings and filed it as Exhibit 99.1; the 8-K body discloses nothing beyond the posting itself.,"I read the deck to check for buried news and found only recycled disclosures: the Phase 3 SELVA mLM-IGA result (+2.13, p<0.001), the Phase 2 TOIVA cVM data presented at ISSVA in May 2026, the $262m cash balance as of March 31 2026 from the February 2026 raise, and previously guided timelines (NDA completion 2H 2026, cVM Phase 3 start Q4 2026, DSAP Phase 2 start 2H 2026). No topline readout, no new guidance, no regulatory action. An exhibit-only investor-deck posting that restates known facts is procedural. Note the February 2026 financing is historical context inside the deck, not a new raise in this filing, so this is not a dilution event.",False,small,"8.01,9.01",0001583648,2026-07-14 16:48:25-04:00,146.77,-0.0194,1001.6,79562248,https://www.sec.gov/Archives/edgar/data/1583648/000119312526303307/0001193125-26-303307-index.htm,,,,neutral,low
0001628280-26-049841,RMBI,neutral,low,,"Q2 2026 net income of $2.2m ($0.22 diluted EPS) versus $2.8m ($0.28) in Q1 and $2.6m ($0.26) a year earlier, with the decline attributed to $1.9m of non-recurring Farmers Bancorp merger expenses; NIM expanded to 3.22% from 3.10%.","Routine quarterly report for a microcap thrift holding company with no guidance, no restatement and no capital action. The EPS decline is fully explained by one-time merger costs while the core trend improved (NIM +12bp sequentially, +29bp YoY) and the Farmers merger closed July 1. Credit softened at the margin — NPLs to 1.78% of loans from 1.46%, provision $823k, allowance coverage of NPLs down to 77.9% from 94.6% — which is a genuine watch item but not severe enough on its own to make the filing fundamentally bad news, so neutral/low rather than an earnings-miss trap.",False,micro,"2.02,9.01",0001767837,2026-07-27 17:06:37-04:00,15.455,0.0036,996.4,4644173,https://www.sec.gov/Archives/edgar/data/1767837/000162828026049841/0001628280-26-049841-index.htm,,,,neutral,low
0001104659-26-081027,RWT,neutral,low,,"Redwood Trust issued a preliminary Q2 2026 business update: Aspire non-QM lock volume of $2.1bn (+32% sequentially), aggregate mortgage banking volume above $8bn, estimated GAAP book value down 1-3% from Q1, estimated economic return on book value of (1.0)% to 1.0%, a $0.18 quarterly dividend, $3.5bn of excess funding capacity, and the Aspire JV beginning loan contributions in Q3, with full results due July 28, 2026.","Mixed and preliminary. Volume momentum is a genuine positive, but a 1-3% book value decline and roughly zero economic return mean the quarter did not cover the dividend from book accretion — the two offset. The dividend is at the usual rate, there is no guidance, no capital raise (the May senior notes deal is backward-looking) and no distress language, so this is an in-line pre-announcement ahead of the real print.",False,small,"2.02,7.01,9.01",0000930236,2026-07-07 09:31:50-04:00,4.635,0.0076,1.2,34073009,https://www.sec.gov/Archives/edgar/data/930236/000110465926081027/0001104659-26-081027-index.htm,,,,neutral,low
0001437749-26-023321,SLNG,neutral,low,,"Ham, Langston and Brezina, LLP resigned as Stabilis Solutions' auditor on July 8, 2026 as a consequence of selling certain assets to CohnReznick LLP, and the audit committee appointed CohnReznick the same day for the fiscal year ending December 31, 2026; there were no disagreements, no reportable events, and prior audit reports carried no adverse opinion, disclaimer, or qualification.","Although the rubric flags auditor resignations, this one is driven entirely by the audit firm's own practice sale, not by anything at the company, and the engagement effectively transfers to a substantially larger national firm — a benign, and arguably slightly favourable, succession. With clean prior opinions and no reportable events there is no distress content, so it is routine.",False,micro,"4.01,9.01",0001043186,2026-07-10 12:05:27-04:00,3.96,0.0025,148.6,389656,https://www.sec.gov/Archives/edgar/data/1043186/000143774926023321/0001437749-26-023321-index.htm,,,,neutral,low
0001493152-26-033350,SRXH,neutral,low,,"SRX Global furnished a press release and fireside-chat transcript touting ~25-26% ""paper-traded"" returns for its AI-driven EMJX crypto-treasury model from Feb 11 to Jul 10, 2026 versus Bitcoin -4.2%, with management stating no real capital was deployed and that live trading is only planned.","Self-reported, unaudited, hypothetical backtest performance on a portfolio where, by the company's own admission, no capital was at risk — it produces no revenue, no contract and no asset. This is promotional Reg FD content of the kind that can create a short-lived pop without changing fundamentals. Not graded a trap because nothing here is bad news: the transcript discloses $55m cash and short-term investments, no debt, ~$3.07/share NAV, and a declared dividend plus buyback authorisation, with no raise, ATM, PIPE or note contemplated. For a small-cap holding company (EMJX plus the Halo pet-food brand), zero fundamental effect.",False,small,"7.01,9.01",0001471727,2026-07-15 15:45:14-04:00,2.25,-0.0022,1.8,7907838,https://www.sec.gov/Archives/edgar/data/1471727/000149315226033350/0001493152-26-033350-index.htm,,,,neutral,low
0001104659-26-080628,SSB,neutral,low,,"SouthState Bank Corporation announced it will release Q2 2026 results after the close on July 23, 2026 and hold a conference call on July 24, 2026.",Item 7.01 earnings-date and dial-in notice with no financial metrics whatsoever. Even a substantive disclosure would need to be large to move a mid-cap; this one contains no information.,False,mid,"7.01,9.01",0000764038,2026-07-06 09:39:50-04:00,100.74,0.0015,2.2,91800556,https://www.sec.gov/Archives/edgar/data/764038/000110465926080628/0001104659-26-080628-index.htm,,,,neutral,low
0001213900-26-077784,SSII,neutral,low,,"SS Innovations International appointed Sarah M. Romano as Chief Financial Officer effective 3 August 2026 on a three-year agreement with a $440,000 base salary, performance cash bonus eligibility and options over 750,000 shares vesting over three years; no departure of a prior officer is disclosed.","This is a routine Item 5.02 officer appointment with a conventional pay package and no accompanying departure, termination or cloud, and no financing, trial or regulatory news. The press release repeats existing positioning around the SSi Mantra platform and its pursuit of FDA approval without any new milestone. The 750,000-share option grant is ordinary management compensation rather than a capital raise, so it is not a dilution trap; hiring a CFO with prior medtech capital-markets experience is suggestive of future financing but the filing itself announces none, leaving it neutral and low even for a small-cap.",False,small,"5.02,9.01",0001676163,2026-07-14 08:35:22-04:00,3.7,-0.0488,54.6,1364232,https://www.sec.gov/Archives/edgar/data/1676163/000121390026077784/0001213900-26-077784-index.htm,,,,neutral,low
0001213900-26-075763,SSII,neutral,low,,"SS Innovations announced that its subsidiary SS International Centre for Robotics Surgery graduated its first cardiac robotic-surgery training class in Gurugram, India — 33 participants from seven countries taught by 16 international faculty on the SSi Mantra system — with plans for condensed five-day courses across additional specialties.","Promotional Item 8.01 news with no commercial substance: the filing discloses no regulatory approval, no system orders, no revenue, no contract, and no named partnership or financing. Surgeon training builds long-run adoption for the installed base but converts to nothing measurable this year, and 33 graduates is not size-relevant even for a company this small. Graded low, not a trap — I found no offering, PIPE, or convertible language anywhere in the 8-K body or the exhibit.",False,small,"8.01,9.01",0001676163,2026-07-07 08:30:38-04:00,3.69,0.0222,59.4,316035,https://www.sec.gov/Archives/edgar/data/1676163/000121390026075763/0001213900-26-075763-index.htm,,,,neutral,low
0001213900-26-078945,SSII,neutral,low,,"SS Innovations announced that its SSi Mantra surgical robot will be showcased at the 2026 Society of Robotic Surgery Annual Meeting in Hollywood, Florida on July 23-26, including a live broadcast of a remote partial nephrectomy performed from Gurugram on a patient in New Delhi, with the CEO speaking on six panels, alongside cumulative usage statistics (12,375 procedures, 653 cardiac, 178 telesurgeries, ~2,100 physicians trained).","Conference-attendance and promotional visibility, which the rubric lists as low by definition. The press release contains no regulatory approval, no FDA or CE submission milestone, no system orders, no customer contract and no financial terms; the procedure counts are cumulative marketing statistics rather than a new disclosure of revenue or backlog. Even for a small-cap sole-product medtech, nothing here changes prospects.",False,small,"8.01,9.01",0001676163,2026-07-17 09:29:40-04:00,3.67,0.0338,4.3,2068153,https://www.sec.gov/Archives/edgar/data/1676163/000121390026078945/0001213900-26-078945-index.htm,,,,neutral,low
0000097216-26-000107,TEX,neutral,low,,"Terex announced that it will hold its Q2 2026 earnings conference call on July 30, 2026 at 8:30 a.m. ET with CEO Simon Meester and CFO Jennifer Kong-Picarello, with results posted to the investor site beforehand.","Pure scheduling logistics with no financial figures of any kind — the most procedural category of 8-K, and doubly immaterial for a mid cap where a call-date notice carries no information about results or prospects.",False,mid,"8.01,9.01",0000097216,2026-07-21 10:09:14-04:00,64.015,0.0038,1.8,74167484,https://www.sec.gov/Archives/edgar/data/97216/000009721626000107/0000097216-26-000107-index.htm,,,,neutral,low
0001505155-26-000049,UPLD,neutral,low,,"Upland Software disclosed that CFO Michael D. Hill notified the board on June 30, 2026 of his retirement effective July 27, 2026, with a successor search initiated, and that on July 6 the board appointed 26-year finance veteran David Tamez (SVP Treasury Management, previously VP Accounting and Corporate Controller) as interim CFO, with his compensation not yet finalized.","An orderly succession event rather than a departure under a cloud: the filing states the retirement was not the result of any disagreement over operations, policies or practices, there is no separation agreement, no restatement or control issue, no accompanying results or guidance change, and the seat is filled immediately by a long-tenured internal finance leader who already served as corporate controller. The only mildly negative reads are that the replacement is interim with no permanent successor identified and that interim compensation is still to be filed by amendment — not enough to make this bad news for the equity, and not enough to move the small-cap's prospects.",False,small,5.02,0001505155,2026-07-07 12:01:36-04:00,5.24,0.0335,4.4,417768,https://www.sec.gov/Archives/edgar/data/1505155/000150515526000049/0001505155-26-000049-index.htm,,,,neutral,low
0001562762-26-000084,USCB,neutral,low,,USCB Financial Holdings furnished its 'Investor Presentation Q2 2026' under Regulation FD for use by management in meetings with investors and others.,"An Item 7.01 deck posting that follows the quarter's already-reported results; the 8-K itself contains no earnings figures, merger, or capital-raise disclosure and expressly disclaims being 'filed' for Section 18 purposes. Repackaging known quarterly information for investor meetings does not change the bank's prospects.",False,small,"7.01,9.01",0001901637,2026-07-28 13:46:36-04:00,22.995,-0.0002,1.4,8920877,https://www.sec.gov/Archives/edgar/data/1901637/000156276226000084/0001562762-26-000084-index.htm,,,,neutral,low
0000936528-26-000058,WAFD,neutral,low,,"WaFd, Inc. furnished under Item 7.01 a slide presentation that management intends to use in meetings with institutional investors and analysts, posted to the bank's investor relations site, with no specific conference named and no substantive new business information beyond forward-looking-statement and risk-factor boilerplate.","Textbook exhibit-only Reg FD investor-deck posting, expressly not deemed 'filed'. Nothing here alters the outlook for a mid-cap bank.",False,mid,"7.01,9.01",0000936528,2026-07-28 15:33:32-04:00,36.73,0.0001,2.5,18579681,https://www.sec.gov/Archives/edgar/data/936528/000093652826000058/0000936528-26-000058-index.htm,,,,neutral,low
0000943374-26-000270,AFBI,positive,low,,"Affinity Bancshares disclosed that Fidelity BancShares/Fidelity Bank have received all required regulatory approvals for the previously announced three-step merger of Affinity into Fidelity, with closing expected in Q3 2026 subject to customary conditions.","The acquisition itself was announced on 30 March 2026 and is already in the public record; this filing only confirms a procedural regulatory milestone and restates the expected closing quarter, with no consideration change or new terms. For a microcap bank already trading as a merger-arb name it narrows deal risk slightly but does not change enterprise value, so it is a low-impact confirmation rather than a catalyst.",False,micro,"8.01,9.01",0001823406,2026-07-17 17:04:29-04:00,22.76,0.0009,3865.5,1957298,https://www.sec.gov/Archives/edgar/data/1823406/000094337426000270/0000943374-26-000270-index.htm,,,,positive,low
0001104659-26-087722,ARCB,positive,medium,,"Q2 2026 revenue rose to $1.2bn from $1.0bn with a GAAP net loss of $13.8m (-$0.62) caused by the previously announced $85.3m asset impairment, while non-GAAP EPS jumped to $2.38 from $1.36, Asset-Based operating ratio improved 230bps to 90.5%, and the supplemental exhibit guided Q3 non-GAAP OR 'generally consistent' with Q2 plus a $40m annualized restructuring savings plan.","Not a trap: the GAAP loss is a pre-announced non-cash impairment, and the underlying economics improved sharply (tonnage/day +4.9%, July-to-date Asset-Based revenue/day +7% and tonnage +8%, Asset-Light revenue +28%). For a small cap in a weak freight cycle a 230bps margin gain plus a $40m cost program and a constructive Q3 outlook meaningfully re-rates the earnings trajectory, but it is still a quarterly print with no raised numeric guidance, so material rather than transformative.",False,small,"2.02,9.01",0000894405,2026-07-29 02:00:41-04:00,148.215,-0.0085,449.3,102736702,https://www.sec.gov/Archives/edgar/data/894405/000110465926087722/0001104659-26-087722-index.htm,False,positive,low,positive,low
0001606498-26-000085,AVNS,positive,low,,"Avanos and American Industrial Partners announced receipt of all required regulatory approvals for AIP's already-pending acquisition of Avanos, with the stockholder vote set for July 22, 2026 and closing expected no later than July 27, 2026.","The change of control itself was announced earlier and is already reflected in the equity; this Item 7.01 release is a procedural de-risking milestone (last regulatory condition cleared) rather than new information about enterprise value, so for a ~$1bn small cap the incremental effect is minimal.",False,small,"7.01,9.01",0001606498,2026-07-02 10:10:31-04:00,24.925,0.0,1.5,8368342,https://www.sec.gov/Archives/edgar/data/1606498/000160649826000085/0001606498-26-000085-index.htm,,,,positive,low
0001193125-26-313418,AXTA,positive,low,,"Axalta signed Amendment No. 2 to its all-share merger-of-equals agreement with Akzo Nobel N.V., refining post-closing governance (annual re-election of all MergeCo directors after the initial three-year period, and a two-thirds rather than 75% non-executive-director threshold for director/executive appointments and remuneration-policy changes) and issued a joint press release confirming the Aug 5, 2026 AkzoNobel EGM and Axalta SGM proceed with no agenda change.","The underlying AkzoNobel merger is transformative, but this filing changes none of the economics — no exchange ratio, consideration, or deal-value change is disclosed. It is a governance concession made after shareholder engagement, marginally de-risking the Aug 5 votes. For a mid cap, an amendment that only tweaks board mechanics of an already-announced deal is procedural, close to the rubric's 'bylaw amendments' category.",False,mid,"1.01,8.01,9.01",0001616862,2026-07-23 09:04:24-04:00,31.98,-0.0108,25.6,30886493,https://www.sec.gov/Archives/edgar/data/1616862/000119312526313418/0001193125-26-313418-index.htm,,,,positive,low
0001403475-26-000035,BMRC,positive,medium,,"Bank of Marin reported Q2 2026 diluted EPS of $0.58 (vs $0.53 in Q1 2026 and a $(0.53) loss a year earlier), net income of $9.2m, NIM up 14bp to 3.38%, a $320k reversal of credit-loss provision, non-accruals down to 0.40% of loans after completing a planned $19.0m exit of wine-industry special-mention loans, and declared its 85th consecutive quarterly dividend of $0.25.","For a small-cap bank this is more than a routine print: a 14bp sequential NIM expansion, a negative provision, and the completion of a problem-credit exit together lift run-rate earnings power and remove an overhang. Not transformative though — no guidance raise, dividend unchanged at $0.25, zero buybacks in the quarter ($23.9m authorization left), and the huge year-over-year swing is only optics from last year's $18.7m securities-repositioning loss. Also note $45m of 6.75% subordinated notes from December 2025 sitting in the capital stack. Medium, at the low end of medium.",False,small,"2.02,7.01,8.01,9.01",0001403475,2026-07-27 08:33:53-04:00,29.98,0.0421,56.1,13365606,https://www.sec.gov/Archives/edgar/data/1403475/000140347526000035/0001403475-26-000035-index.htm,False,positive,low,positive,low
0001193125-26-313376,BPOP,positive,medium,,"Popular raised its quarterly common dividend 20% from $0.75 to $0.90 per share effective with the Q4 2026 payment and authorized a new $1 billion share repurchase program, having already repurchased ~$280 million in 2026 and fully used its prior $500 million authorization.","For a mid-cap (<$10bn band) bank holding company, a fresh $1bn buyback authorization represents roughly a tenth or more of the equity, and the 20% dividend raise is a credible signal of excess capital and regulatory comfort. Genuinely accretive to per-share value and larger than a routine capital action, but it is capital return rather than a change to the franchise - material, not transformative.",False,mid,"8.01,9.01",0000763901,2026-07-23 08:10:48-04:00,175.12,0.0123,79.2,121886497,https://www.sec.gov/Archives/edgar/data/763901/000119312526313376/0001193125-26-313376-index.htm,False,positive,low,positive,low
0000750686-26-000058,CAC,positive,low,,"Camden National reported record Q2 2026 net income of $23.0m and diluted EPS of $1.35 (ROA 1.33%, ROE 12.92%), with NIM up 2bps to 3.26%, non-interest income up 21% sequentially, the committed loan pipeline up 45%, 52,000 shares repurchased, and a $0.42 dividend.","Genuinely good but incremental: net income and EPS each rose only 5% over Q1 2026, and the eye-catching year-over-year jump (EPS $1.35 vs $0.83; H1 $2.64 vs $1.26) is largely the anniversary of Northway Financial integration costs rather than new organic upside. No forward guidance was given, the dividend was unchanged, credit is quiet (NPLs 0.24%, NCOs 4bps) and the buyback was token (52k shares). For a ~$1bn-cap bank with $7.0bn assets this is a clean routine print, not a prospect-changing event. (The release quotes a June 30 closing price for dividend-yield math only; no post-filing price information was seen.)",False,small,"2.02,9.01",0000750686,2026-07-28 08:05:37-04:00,55.87,0.0239,84.4,30473559,https://www.sec.gov/Archives/edgar/data/750686/000075068626000058/0000750686-26-000058-index.htm,,,,positive,low
0000950103-26-010760,CCRN,positive,low,,"At a July 16, 2026 special meeting, Cross Country Healthcare stockholders adopted the merger agreement under which KL Criss Cross Intermediate, LLC acquires the company — 23,356,105 for vs 12,309 against with 72.36% of shares represented — and approved the advisory golden-parachute compensation proposal; the adjournment proposal was moot.","A change of control is transformative in principle, but this Item 5.07 filing only records the satisfaction of a closing condition in a deal announced earlier. The vote was a formality at 99.9% of votes cast in favour, so it carries almost no new information; the equity trades against the announced deal price, not this disclosure.",False,small,"5.07,9.01",0001141103,2026-07-17 08:19:25-04:00,13.25,0.0,70.6,12212865,https://www.sec.gov/Archives/edgar/data/1141103/000095010326010760/0000950103-26-010760-index.htm,,,,positive,low
0001193125-26-315066,CIVB,positive,low,,"Civista Bancshares furnished a Q2 2026 investor presentation under Item 7.01 showing net income of $14.3m (+30% YoY), EPS $0.69, NIM 3.89% (+25bp), ROAA 1.34%, efficiency ratio 58.2% (-630bp), TBVPS $20.43 and a $0.18 quarterly dividend.","An investor-deck posting is explicitly routine, and the deck restates quarter results rather than breaking them — the substance belongs to the earnings release, not this exhibit. The capital raise ($75m) and First State Bancorp acquisition referenced are year-old completed events, not new dilution. Direction is favourable for a small-cap bank but the filing itself adds no new decision-relevant information.",False,small,"7.01,9.01",0000944745,2026-07-24 07:00:18-04:00,28.855,0.02,149.7,10278300,https://www.sec.gov/Archives/edgar/data/944745/000119312526315066/0001193125-26-315066-index.htm,,,,positive,low
0001628280-26-047308,FNWD,positive,medium,,"The FDIC and Indiana DFI notified Peoples Bank by letter dated June 24, 2026 that the memorandum of understanding in place since August 2024 has been terminated effective immediately.","Material but not transformative for a microcap bank. Exiting a supervisory MOU lifts a real overhang — informal agreements typically constrain capital actions, dividends, growth and M&A participation — and signals regulators are satisfied with remediation. It changes optionality and the risk discount rather than near-term earnings power, and no financial figures are quantified in the filing, so medium rather than high.",False,micro,8.01,0000919864,2026-07-06 16:45:19-04:00,36.99,-0.0019,1011.7,910763,https://www.sec.gov/Archives/edgar/data/919864/000162828026047308/0001628280-26-047308-index.htm,False,positive,low,positive,low
0001104659-26-085643,JMSB,positive,medium,,"John Marshall Bancorp reported Q2 2026 net income of $7.0m / $0.50 diluted EPS, up 37.5% / 38.9% YoY and up 15.0% / 16.3% sequentially, with NIM expanding 12bps to 2.99% (ninth consecutive quarter of expansion), zero non-accrual loans, loans crossing $2.0bn for the first time, and the quarterly dividend raised 11.1% to $0.10.","For a microcap bank this is a substantive inflection, not routine: eighth consecutive quarter of net income growth and the highest earnings since Q4 2022, net interest income +16.1% YoY on genuine organic margin repair, efficiency ratio improved from 53.9% to 50.5%, ROA up to 1.20% and ROE to 10.34%, pristine credit (no non-accruals, no OREO, the one SBA 7(a) non-accrual paid in full by the SBA), and a dividend hike signalling board confidence. Only modest help from a one-time $835k equity-investment gain. It meaningfully re-rates the earnings power of a sub-$300m-cap franchise but is still quarterly progress rather than a transformative event, so medium not high.",False,micro,"2.02,9.01",0001710482,2026-07-22 08:40:12-04:00,22.89,0.0438,49.8,6166490,https://www.sec.gov/Archives/edgar/data/1710482/000110465926085643/0001104659-26-085643-index.htm,False,positive,low,positive,low
0001104659-26-085645,JMSB,positive,low,,"John Marshall Bancorp raised its quarterly cash dividend 11% to $0.10 per share (about $1.4 million aggregate), payable August 26, 2026 to holders of record August 5, 2026 — a 33% increase on an annualized year-over-year basis.","Genuinely good news rather than a routine same-rate declaration: a raise plus management language about 'strong and consistent financial performance' and 'continued confidence' is a credible capital-and-earnings signal from a small community bank. But the absolute sums are tiny — $1.4m a quarter — and a dividend increase reallocates capital rather than creating it. No new earnings figures, credit metrics, or strategic actions accompany it, so the effect on enterprise value is marginal.",False,micro,"8.01,9.01",0001710482,2026-07-22 08:45:14-04:00,22.89,0.0438,44.8,6166490,https://www.sec.gov/Archives/edgar/data/1710482/000110465926085645/0001104659-26-085645-index.htm,,,,positive,low
0000721994-26-000064,LKFN,positive,low,,"Lakeland Financial furnished its 2026 second-quarter investor presentation for use in meetings with investors and analysts, showing YTD net income up 17% to $47.1m, diluted EPS up 19% to $1.82, ROE 14.19%, NIM up 7bp to 3.49%, total assets $7.2bn, nonperforming loans 0.28% and Tier 1 risk-based capital of 14.13%.","The deck is a supplemental Item 7.01 posting alongside the routine quarterly reporting cycle: solid organic growth, benign credit and strong capital, but no guidance change, no capital action, no merger and no credit deterioration. Direction of travel is favourable, hence positive rather than neutral, but a slide deck restating in-period results for a ~$2bn bank is procedural and does not change enterprise value, so low.",False,small,"7.01,9.01",0000721994,2026-07-27 07:00:19-04:00,61.36,0.0041,149.7,38445785,https://www.sec.gov/Archives/edgar/data/721994/000072199426000064/0000721994-26-000064-index.htm,,,,positive,low
0000721994-26-000063,LKFN,positive,low,,"Lakeland Financial reported Q2 2026 diluted EPS of $1.13 (up 9% both year over year and sequentially from $1.04), net income of $28.4m, NIM flat at 3.49% linked quarter, provision of $1.7m, net charge-offs of just $24k, nonaccruals down to $19.9m and NPAs down 36%, loans up 7% to $5.58bn, a 4% dividend increase to $0.52, and 70,873 shares repurchased at a $58.20 average.","Clean, favorable, and entirely on-trend — which makes it low rather than medium. Margin was unchanged sequentially, no guidance was given, the dividend bump is the customary annual 4% step, and the buyback (about 71k shares) is trivial relative to a roughly mid-$1bn-cap bank. The flattering year-over-year credit comparison comes from lapping a previously disclosed $28.9m problem-credit charge-off, not from new improvement. Nothing here re-rates the franchise.",False,small,"2.02,9.01",0000721994,2026-07-27 07:00:05-04:00,61.36,0.0041,149.9,38445785,https://www.sec.gov/Archives/edgar/data/721994/000072199426000063/0000721994-26-000063-index.htm,,,,positive,low
0001396440-26-000086,MAIN,positive,low,,"Main Street Capital pre-announced preliminary Q2 2026 estimates: distributable net investment income of $1.02-$1.06 per share, NAV per share rising to $33.88-$33.96 from $33.46 (a 1.2%-1.5% gain and the sixteenth consecutive quarterly increase), annualized ROE above 18%, and non-accruals at 1.1% of the portfolio at fair value (4.0% at cost).","Good results, but Main Street pre-releases these estimates every quarter and this simply extends an established trend. A 1.2%-1.5% NAV increase and in-line DNII are immaterial to a mid-cap BDC's valuation, and the only mild negative (4.0% non-accruals at cost) is already marked down to 1.1% at fair value. Routine earnings with no surprise, so low.",False,mid,"2.02,9.01",0001396440,2026-07-16 09:15:53-04:00,53.68,0.0043,14.1,20727737,https://www.sec.gov/Archives/edgar/data/1396440/000139644026000086/0001396440-26-000086-index.htm,,,,positive,low
0000089439-26-000029,MLI,positive,low,,"Mueller Industries reported Q2 2026 net sales of $1.43bn (up 25% from $1.14bn) and operating income of $310.0m versus $304.2m, with diluted EPS of $1.13 against $1.11 split-adjusted; excluding a prior-year $36.3m insurance gain operating income rose 15.7%, and the release noted $76.4m of buybacks, a dividend of $0.175 versus $0.125, and two already-completed metals acquisitions (Bison Metals Technologies, $138.3m, and Chicago Extruded Metals).","Clearly not a trap, but a routine quarterly print for a mid cap: EPS was essentially flat year over year (+1.8%), the 25% sales gain was largely mechanical pass-through of COMEX copper averaging $6.16/lb (+30.6%), and Piping Systems operating income actually slipped to $248.3m from $250.3m. No numeric guidance was issued, the CEO commentary is qualitative ('anticipating continued strength'), and the acquisitions and buyback are small relative to a ~$10bn enterprise, so nothing here changes the company's prospects.",False,mid,"2.02,9.01",0000089439,2026-07-21 12:09:15-04:00,60.65,0.0013,1.8,82366824,https://www.sec.gov/Archives/edgar/data/89439/000008943926000029/0000089439-26-000029-index.htm,,,,positive,low
0000877860-26-000177,NHI,positive,low,,"National Health Investors named Chris Maingot (ex-CEO of Blackstone portfolio company Longview Senior Housing, previously SVP Corporate Development at Brookdale) as its first-ever Chief Operating Officer, effective July 27, 2026.","A new officer appointment with a strong operator pedigree, and creating the COO role at all signals intent to expand the SHOP/senior-housing platform — but it is an added hire, not a departure or a transaction. No dollar amounts, no portfolio change, no guidance. For a mid-cap healthcare REIT this is a governance/staffing item that does not by itself change enterprise value.",False,mid,"5.02,9.01",0000877860,2026-07-27 09:02:00-04:00,80.04,-0.0062,28.0,49062686,https://www.sec.gov/Archives/edgar/data/877860/000087786026000177/0000877860-26-000177-index.htm,,,,positive,low
0001193125-26-314195,NKSH,positive,medium,,"National Bankshares reported Q2 2026 diluted EPS of $0.79 vs $0.36 a year earlier, with H1 NIM expanding to 2.99% from 2.48%, and disclosed a securities repositioning (sold ~$131.9m of agency/MBS yielding 1.80% at a $6.55m loss, reinvested $127.3m at 5.26%) offset by a $6.57m gain on the sale of its Bearing Insurance Group interest.","For a ~$1.8bn-asset microcap this is a genuine earnings inflection, not a cosmetic one: the $6.55m securities loss and $6.57m insurance-stake gain roughly cancel, so the YoY doubling of EPS is core, driven by 51bp of NIM expansion. Management quantifies the repositioning as +$4.25m annual interest income and +12bp NIM in 2026 / +24bp in 2027 — roughly a mid-teens percentage uplift to run-rate earnings — and book value rose to $30.17 from $26.48. Not a trap: the loss-taking swap is accretive balance-sheet management, credit is described as low-risk (only a $317k provision), the bank is well capitalized, and there is no raise, restatement or going-concern language. Graded medium rather than high because there is no change of control, M&A or transformative single event.",False,micro,2.02,0000796534,2026-07-23 16:30:14-04:00,36.29,0.016,1031.8,10511849,https://www.sec.gov/Archives/edgar/data/796534/000119312526314195/0001193125-26-314195-index.htm,False,positive,low,positive,low
0001171843-26-004863,PROF,positive,low,,"Profound Medical furnished a press release on new CAPTAIN randomized-trial data presented at the Society of Robotic Surgery meeting showing no median change in penile length one month after whole-gland TULSA versus a 0.65 cm median reduction after robotic radical prostatectomy (mixed-effects between-arm difference 0.42 cm, p<0.001).","Favorable but marginal data-drip. This is an ancillary quality-of-life measure at one month, not the CAPTAIN primary safety endpoint (potency and continence at one year) or the primary efficacy endpoint (freedom from additional treatment at three years) — and the release itself notes the headline erectile-function and continence superiority at six months was already announced previously. Nothing here changes the regulatory position (TULSA-PRO is already FDA-cleared), reimbursement, or the commercial model, and no revenue or guidance figures are given. Supportive marketing evidence for a microcap medtech, so low rather than medium.",False,micro,"7.01,9.01",0001628808,2026-07-24 11:58:37-04:00,7.02,0.0029,4.4,2878288,https://www.sec.gov/Archives/edgar/data/1628808/000117184326004863/0001171843-26-004863-index.htm,,,,positive,low
0001193125-26-301488,TCBX,positive,low,,"Third Coast Bancshares disclosed the completed June 25, 2026 sale of substantially all assets of its factoring subsidiary, Third Coast Commercial Capital, to Gulf Coast Bank & Trust for approximately $27.5 million at closing, generating a $3.5 million gain plus an ongoing revenue-share arrangement, with factoring continuing through a referral partnership.","This is a non-core, non-distressed divestiture done at a gain, so it is not an asset firesale: the company sold above carrying value and retained economics via revenue share. But the value created is small relative to the company - the $3.5m gain is on the order of 1% of a small-cap bank's equity value and a modest fraction of one year's earnings, while the $27.5m of proceeds is a conversion of receivables into cash rather than new value. Strategically tidy balance-sheet simplification, too small to reprice the equity.",False,small,"8.01,9.01",0001781730,2026-07-13 08:05:42-04:00,39.98,0.0033,84.3,14626690,https://www.sec.gov/Archives/edgar/data/1781730/000119312526301488/0001193125-26-301488-index.htm,,,,positive,low
0000936528-26-000055,WAFD,positive,low,,"WaFd reported fiscal Q3 2026 diluted EPS of $0.84 (+15% YoY, +2% QoQ) and net income of $66.1m (+7% YoY) with NIM of 2.81% (flat QoQ, +12bps YoY), net interest income of $181m, provision of $11.0m vs $4.0m in the prior quarter, NPLs of 0.49% of assets and delinquencies improving to 0.75%, a $0.27 dividend (173rd consecutive), 4.7m shares repurchased in the first half, and a $3.2m gain on sale of bank real estate.","A solid but ordinary quarterly print for a mid-cap bank: expanding margin, improving delinquencies, a maintained dividend and real buyback activity, with the provision build not corroborated by any rise in nonperforming assets and part of the non-interest income boost coming from a one-time $3.2m property gain. No guidance change and no surprise large enough to reprice a multi-billion-dollar franchise.",False,mid,"2.02,9.01",0000936528,2026-07-17 13:03:27-04:00,38.17,0.001,2.5,33975684,https://www.sec.gov/Archives/edgar/data/936528/000093652826000055/0000936528-26-000055-index.htm,,,,positive,low
0001104659-26-080436,XRN,positive,medium,,"Chiron Real Estate signed an Agreement of Purchase and Sale on June 26 and closed on June 29, 2026 the sale of seven inpatient rehabilitation hospitals (PA x2, AZ x2, TX, NV, OK) for $217.0m to a joint venture with a U.S. public pension fund, retaining a 15% interest and the managing-member role, booking a $70.7m pro forma gain and keeping ~$194.9m of net proceeds after a $16.3m JV investment and ~$5.7m of costs.","Real value crystallisation, not a firesale: the $70.7m book gain shows pricing well above carrying value, and retaining 15% plus management of the vehicle creates an institutional capital partner for future growth. Sized against the pro forma balance sheet in EX-99.1 — $1.31bn total assets, $591m equity, $131.6m annual revenue — the $217m disposition is ~17% of assets and the cash retained is ~33% of equity, so it is clearly material and de-levering. Held at medium rather than high because it is capital recycling on a completed basis: the business model, control and strategy are unchanged, and it also removes the income these seven assets generated. Note the candidate list tags XRN ""mid"" (>$2bn) while the filing's own pro formas imply a materially smaller company; if the mid-cap band is accurate the impact would sit at the low end of medium.",False,mid,"1.01,2.01,9.01",0001533615,2026-07-02 17:26:58-04:00,38.1,0.0034,5283.0,2602397,https://www.sec.gov/Archives/edgar/data/1533615/000110465926080436/0001104659-26-080436-index.htm,False,positive,low,positive,low
0001493152-26-034029,FATN,positive,high,,"FatPipe announced it was awarded a contract valued at approximately $7.0 million to provide network edge products and network monitoring services to schools, expanding its education and public-sector footprint.","$7.0m compares with FY2026 (year ended 3/31/26) revenue of $19.2m from the company's own XBRL filings - roughly a third of annual sales in a single award, which is large relative to a microcap of this size and qualifies as transformative to the growth story. Graded high with a caveat: the 8-K discloses no contract term, no customer identity, and no revenue-recognition timing, so if the award spreads over several years the annual contribution is smaller than the headline implies.",False,micro,"8.01,9.01",0001993400,2026-07-21 10:37:34-04:00,4.6,0.0066,8.4,1929583,https://www.sec.gov/Archives/edgar/data/1993400/000149315226034029/0001493152-26-034029-index.htm,False,positive,medium,positive,medium
0000840489-26-000082,FCFS,positive,medium,,"FirstCash reported record Q2 2026 revenue of $1.075bn (+29% YoY) with GAAP EPS $2.12 (+58%) and adjusted EPS $2.50 (+40%), raised full-year consolidated pawn revenue guidance again (U.K. segment income now $135-140m), declared a $0.42 dividend, and under Item 8.01 authorized a new $150m share repurchase plan after completing the prior one.","A clear beat-and-raise: pawn receivables +63% total / +22% same-store, pawn segment income +59%, adjusted EBITDA $201m (+39%), 347 stores added in twelve months, and the Ramsdens UK deal still on track to close by year-end. Material to the earnings trajectory, but not transformative for a mid cap — the $150m buyback is only a low-single-digit percentage of market value, the Ramsdens offer price was actually raised (600p to 675p), and AFF remains a drag with 2026 gross transaction volumes now guided down ~10% and net revenue down 20-25%. Beat-and-raise with a routine dividend and modest buyback lands squarely at medium.",False,mid,"2.02,8.01,9.01",0000840489,2026-07-23 15:26:57-04:00,191.94,0.0006,1.1,256607430,https://www.sec.gov/Archives/edgar/data/840489/000084048926000082/0000840489-26-000082-index.htm,True,positive,medium,positive,medium
0001193125-26-297211,VERA,positive,high,,FDA granted accelerated approval to TRUTAKNA (atacicept-vymj) to reduce proteinuria in adults with primary IgA nephropathy at risk of progression.,"First-ever marketing approval for a clinical-stage company in the small-cap band: it converts a single-asset pipeline story into a commercial revenue stream in a competitive but large IgAN market, removes binary regulatory risk, and is the textbook transformative catalyst (FDA approval). Accelerated rather than full approval adds a confirmatory-trial obligation but does not blunt the value shift.",False,small,8.01,0001831828,2026-07-07 12:45:57-04:00,42.47,0.0033,1.1,101772068,https://www.sec.gov/Archives/edgar/data/1831828/000119312526297211/0001193125-26-297211-index.htm,False,positive,medium,positive,medium
0001437749-26-024597,AMIX,trap,medium,dilution,"Autonomix Medical disclosed that as of July 28, 2026 its cash balance is approximately $5.1 million and shares outstanding are 971,043, 'including shares of common stock issued as part of the Company's recent warrant inducement from July 13, 2026.'","The entire content of the 8-K is a restated share count that exists because of a just-completed warrant-inducement exercise, i.e. an equity/dilution event at a nanocap whose share count is under 1m (implying prior deep reverse splits). Paired with only $5.1m of cash for a pre-revenue clinical-stage device developer, the filing signals a short runway and near-certain further raises, so it is bad news for existing holders even though it reads as a neutral factual update. Graded medium rather than high because the underlying inducement was already announced on July 13 and this filing only quantifies it.",False,micro,8.01,0001617867,2026-07-28 11:36:42-04:00,2.68,0.0308,2.3,1074224,https://www.sec.gov/Archives/edgar/data/1617867/000143774926024597/0001437749-26-024597-index.htm,,,,trap,medium
0001493152-26-034358,FATN,trap,medium,dilution,"FatPipe furnished a CEO letter under Item 7.01 addressing shareholder concern about its recently filed Form S-3 shelf and at-the-market offering programme, stating the registration exists to fund potential acquisitions and working capital for large customer orders and that 'FatPipe has not issued nor sold any shares or raised capital under the at-the-market program' to date.","The subject of the filing is a live shelf plus ATM facility at a microcap, which is a standing dilution overhang management explicitly intends to draw on when conditions suit — a trap under the dilution test. Graded medium rather than high because no shares have yet been sold and no offering size is disclosed in the filing, so the dilution is authorised but unrealised; the fact that management felt compelled to issue a public reassurance letter indicates the programme is genuinely intended for use.",False,micro,"7.01,9.01",0001993400,2026-07-23 11:23:35-04:00,4.675,-0.0032,4.4,1307662,https://www.sec.gov/Archives/edgar/data/1993400/000149315226034358/0001493152-26-034358-index.htm,,,,trap,medium
0001683168-26-005670,IPW,trap,medium,dilution,"iPower executed a Joinder to Guaranty adding newly formed iPower AI LLC as a guarantor under its December 22, 2025 securities purchase agreement for up to $30m of 6% original-issue-discount senior secured convertible notes (initial closing $5,184,024), and separately announced the formation of iPower AI LLC and IPW Commerce LLC to pursue AI hardware leasing — with no definitive customer agreements, no hardware acquired, and only 'preliminary, non-binding interest' from prospects.","This is an AI-pivot announcement with zero contracted revenue sitting on top of a convertible-note facility, and the joinder expands the guaranty/collateral package securing those dilutive notes — dilution plus promotional framing, so a trap despite the headline appeal. Medium rather than high because this filing itself draws no new money; the harm is the ~$25m of undrawn OID convertible capacity, enormous relative to this company's size, that the AI narrative is positioned to fund.",False,small,"1.01,8.01,9.01",0001830072,2026-07-21 10:30:14-04:00,1.05,0.0243,1.8,716436,https://www.sec.gov/Archives/edgar/data/1830072/000168316826005670/0001683168-26-005670-index.htm,,,,trap,medium
0001493152-26-034532,LASE,trap,medium,accounting,"Laser Photonics appointed Rosenfield & Company, PLLC on July 20, 2026 to replace Weinberg & Company, P.A. as its auditor, and in doing so disclosed that Weinberg's FY2025 audit report 'contained an explanatory paragraph regarding substantial doubt about the Company's ability to continue as a going concern'; no disagreements or reportable events were reported and Weinberg's Ex-16.1 letter agreed with the statements concerning the firm.","Auditor turnover at a microcap that is carrying an active going-concern qualification is a distress signal on both rubric counts (auditor change plus going-concern doubt), and the swap is between two small firms rather than an upgrade. Graded medium rather than high because there is no restatement, non-reliance, disagreement, or material weakness, and the going-concern doubt was already on the record in the FY2025 annual report — the filing reiterates rather than reveals it.",False,micro,"4.01,9.01",0001807887,2026-07-24 14:10:02-04:00,1.09,-0.0046,4.0,1377540,https://www.sec.gov/Archives/edgar/data/1807887/000149315226034532/0001493152-26-034532-index.htm,,,,trap,medium
