ticker,n_days,last_close,min_close,median_dollars,max_1d,max_1d_date,max_5d,max_5d_start,window_ret,move_date,move_size,cause,detail,n_filings,forms
AARD,27,5.320000171661377,4.079999923706055,1191024.0035057068,0.5199999809265137,2026-07-10,0.36170217562870643,2026-06-23,0.3039216350839957,2026-07-10,0.5199999809265137,proxy/other,DEF 14A,2,"ARS,DEF 14A"
ACU,27,59.900001525878906,45.06999969482422,616968.0221557617,0.1427015036887871,2026-07-23,0.305010883106543,2026-07-22,0.329043752639691,2026-07-22,0.305010883106543,8-K,"material agreement, agreement terminated, earnings, debt incurred",2,8-K
ADBE,27,263.42999267578125,193.41000366210938,1285690244.8913574,0.060988841745205136,2026-07-24,0.24159869420378177,2026-07-23,0.3516162181908258,2026-07-23,0.24159869420378177,8-K,officer/director change,9,"4,8-K"
ADSK,27,245.25,187.72000122070312,471493515.03448486,0.07704411757859053,2026-07-27,0.20515970515970516,2026-07-22,0.30646707013206664,2026-07-22,0.20515970515970516,no filing,,0,
AEHR,27,65.4000015258789,65.4000015258789,171957232.15026855,0.2785677725146527,2026-07-21,0.37355923799292157,2026-07-14,-0.42292419951273663,2026-07-21,0.37355923799292157,8-K,earnings,8,"144,4,8-K"
AGEN,27,6.630000114440918,2.880000114440918,7468422.023820877,0.8268656894873345,2026-07-13,0.7947213288905908,2026-07-06,1.180921117643571,2026-07-13,0.8268656894873345,8-K,"material agreement, equity issued (dilution), reg-FD disclosure, other event",5,"4,8-K"
AGPU,27,7.019999980926514,6.46999979019165,1621853.9917945862,0.26783117659952493,2026-07-20,0.36091293157842763,2026-07-14,-0.016806706975212804,2026-07-20,0.36091293157842763,offering/dilution,S-3/A,1,S-3/A
AIRJ,27,4.019999980926514,3.559999942779541,5312043.906402588,0.22015913207035998,2026-07-22,0.21629213295023852,2026-07-20,-0.1762295314234703,2026-07-22,0.22015913207035998,no filing,,0,
AKTX,27,8.25,8.25,575639.9917602539,0.42018349394434296,2026-07-07,0.5975232417527099,2026-06-29,-0.2653606111940139,2026-07-07,0.5975232417527099,offering/dilution,S-3,4,"8-K,EFFECT,S-3,S-3/A"
ALGS,27,4.25,4.079999923706055,452496.01798057556,0.10509028743022841,2026-07-08,0.24220187483627864,2026-07-01,-0.25307557868881514,2026-07-01,0.24220187483627864,activist/stake,SCHEDULE 13D,8,"4,8-K,SCHEDULE 13D"
ALIT,27,20.290000915527344,10.479999542236328,16258125.0,0.2258928371479314,2026-07-01,0.797321384248076,2026-06-30,0.8445455377752131,2026-07-01,0.797321384248076,8-K,"material agreement, security terms changed, charter amended, other event",6,"4,8-K"
AMC,27,2.75,1.7200000286102295,101824883.22930336,0.2680412193758104,2026-07-20,0.3155080384353699,2026-07-13,-0.003623184962974757,2026-07-20,0.3155080384353699,8-K,earnings,1,8-K
AMCI,27,4.329999923706055,4.159999847412109,1104564.0042304993,0.23721888669149416,2026-07-06,0.4336494055749951,2026-06-26,-0.00459769686551359,2026-07-06,0.4336494055749951,no filing,,0,
ANNA,27,2.8399999141693115,2.630000114440918,612865.9806251526,0.08363637057217677,2026-07-09,0.24817520598190468,2026-07-06,-0.030716774927414536,2026-07-06,0.24817520598190468,8-K,vote results,1,8-K
ANY,27,2.059999942779541,1.600000023841858,514414.9791240692,0.12820512507010418,2026-07-28,0.3496932847359233,2026-07-21,-0.3738601925030762,2026-07-21,0.3496932847359233,passive stake,SCHEDULE 13G,1,SCHEDULE 13G
ARMP,27,4.570000171661377,3.759999990463257,705167.992401123,0.19946814902150423,2026-07-17,0.38829782006156655,2026-07-16,-0.334788901340794,2026-07-16,0.38829782006156655,8-K,reg-FD disclosure,3,"4,8-K,S-8"
ARWR,27,86.22000122070312,71.375,163450875.0,0.1902845000529818,2026-07-22,0.23503198726182184,2026-07-15,0.05146342952076988,2026-07-15,0.23503198726182184,no filing,,0,
ASBP,27,5.610000133514404,5.340000152587891,389087.01100349426,0.1458966640240129,2026-07-21,0.2847682579291151,2026-07-15,-0.10810808147259443,2026-07-15,0.2847682579291151,no filing,,0,
ATRC,27,40.88999938964844,27.979999542236328,29221443.128204346,0.07287597602449813,2026-06-26,0.23909089059540722,2026-07-23,0.4377636646202461,2026-07-23,0.23909089059540722,8-K,earnings,1,8-K
AVTR,27,14.380000114440918,9.350000381469727,100021712.56828308,0.15780998599895546,2026-07-29,0.3132420424586264,2026-07-22,0.5379678639307741,2026-07-22,0.3132420424586264,8-K,"material agreement, debt incurred",1,8-K
BATL,27,1.5199999809265137,1.159999966621399,15937369.518339634,0.2535211444965224,2026-07-07,0.33098594564408823,2026-07-06,0.21599998474121085,2026-07-07,0.33098594564408823,no filing,,0,
BBIO,27,83.54000091552734,68.62999725341797,200612958.19854736,0.15115531802779225,2026-07-09,0.21001076530959617,2026-07-01,0.21213005129140683,2026-07-01,0.21001076530959617,8-K,"material agreement, equity issued (dilution), security terms changed, charter amended, reg-FD disclosure",1,8-K
BCTX,27,3.4000000953674316,2.9700000286102295,376959.9884033203,0.08241756694240032,2026-07-10,0.2085889781430863,2026-07-02,0.1295681415746952,2026-07-02,0.2085889781430863,8-K,reg-FD disclosure,1,8-K
BIYA,27,5.829999923706055,1.9299999475479126,3853840.0959968567,1.1606218599083276,2026-07-27,2.0207254311654967,2026-07-24,0.4219512339789979,2026-07-27,2.0207254311654967,offering/dilution,F-3,1,F-3
BLKB,27,42.18000030517578,26.540000915527344,20555616.050720215,0.1739493444729996,2026-07-29,0.36416559511960567,2026-07-22,0.5892991277365853,2026-07-22,0.36416559511960567,no filing,,0,
BRR,27,1.6699999570846558,1.4199999570846558,925100.0304222107,0.17808218059586345,2026-07-13,0.4295302689985603,2026-07-08,0.12837833483955885,2026-07-08,0.4295302689985603,insider,4,2,4
BSIN,27,1.1200000047683716,1.0,2322336.024427414,0.06870231855708342,2026-07-17,0.23893803722642382,2026-07-10,0.07692312100935417,2026-07-10,0.23893803722642382,no filing,,0,
BWEN,27,3.490000009536743,3.490000009536743,1600984.9685192108,0.18372091321187067,2026-07-14,0.22355777386730535,2026-07-07,-0.3075396754063475,2026-07-07,0.22355777386730535,insider,4,3,4
BXBL,27,4.980000019073486,3.940000057220459,706515.0134086609,0.18571434410251175,2026-07-29,0.2639593773475002,2026-07-27,-0.6655473536435002,2026-07-27,0.2639593773475002,offering/dilution,S-3,10,"3,8-K,S-3,S-3/A,SCHEDULE 13D,SCHEDULE 13G/A"
BYRN,27,4.329999923706055,3.180000066757202,3715937.959957123,0.16666671156658786,2026-07-27,0.29874214708821567,2026-07-20,-0.22678571474187226,2026-07-20,0.29874214708821567,insider,4,1,4
BZUN,27,3.0799999237060547,2.4600000381469727,629300.0206947327,0.13709673852999948,2026-07-27,0.2520324698962628,2026-07-23,0.1323529012166096,2026-07-23,0.2520324698962628,no filing,,0,
CBUS,27,1.940000057220459,1.2999999523162842,369097.99213409424,0.2133333683013916,2026-07-08,0.5933334032694499,2026-07-07,0.49230779106095346,2026-07-08,0.5933334032694499,no filing,,0,
CBZ,27,54.900001525878906,28.65999984741211,30610100.0,0.17558887856479166,2026-07-29,0.3639751931895381,2026-07-23,0.9155618219878034,2026-07-23,0.3639751931895381,no filing,,0,
CDNA,27,35.40999984741211,25.049999237060547,24983721.457099915,0.35596639168362665,2026-07-16,0.3935460969231477,2026-07-10,0.41357289125279983,2026-07-16,0.3935460969231477,insider,144,4,"144,4"
CHRN,27,18.520000457763672,16.489999771118164,7566450.0,0.28770095028401754,2026-07-15,0.6442840404036128,2026-07-08,-0.2785352394733043,2026-07-15,0.6442840404036128,offering/dilution,S-3/A,4,"4,EFFECT,S-3/A,S-8"
CIFR,27,17.690000534057617,17.559999465942383,531167814.47906494,0.16970396014901223,2026-07-20,0.4571106487213714,2026-07-16,-0.3713574656094325,2026-07-16,0.4571106487213714,insider,144,2,"144,4"
CLF,27,11.380000114440918,8.979999542236328,192645595.5602646,0.1597883872337622,2026-07-23,0.3641426085139119,2026-07-20,-0.04289320556397158,2026-07-20,0.3641426085139119,no filing,,0,
CLRO,27,4.5,2.740000009536743,647087.9762649536,1.0124223482911865,2026-07-02,3.1313434467413446,2026-06-29,0.3313609016679988,2026-07-02,3.1313434467413446,8-K,"material agreement, debt incurred",1,8-K
CLSK,27,12.010000228881836,12.010000228881836,288785390.84978104,0.10667692799758766,2026-07-20,0.21007752854923956,2026-07-16,-0.31174786797781484,2026-07-16,0.21007752854923956,8-K,"reg-FD disclosure, other event",4,"8-K,SCHEDULE 13G,SCHEDULE 13G/A"
CLW,27,21.610000610351562,15.039999961853027,2545279.9407958984,0.23415193191756734,2026-07-29,0.31768299469559347,2026-07-23,0.37994896685281376,2026-07-29,0.31768299469559347,8-K,earnings,2,"10-Q,8-K"
CMRC,27,3.299999952316284,2.6050000190734863,1482505.510854721,0.12676061422336438,2026-07-28,0.2667945981397677,2026-07-23,0.2547527789814541,2026-07-23,0.2667945981397677,no filing,,0,
CNMD,27,43.209999084472656,32.540000915527344,25605432.653045654,0.1021309862767057,2026-07-13,0.2738910604688001,2026-07-08,0.32790405251199095,2026-07-08,0.2738910604688001,insider,3,4,"3,4"
CNXC,27,26.559999465942383,20.969999313354492,39740221.365737915,0.12072064440200925,2026-07-13,0.22174543052643814,2026-07-09,0.10990384986320967,2026-07-09,0.22174543052643814,passive stake,SCHEDULE 13G/A,3,"10-Q,4,SCHEDULE 13G/A"
CPIX,27,6.659999847412109,5.570000171661377,508269.0151691437,0.13255032832158276,2026-06-26,0.26821190327658173,2026-07-09,0.19569113862802912,2026-07-09,0.26821190327658173,no filing,,0,
CRM,27,188.3800048828125,150.1199951171875,2182175876.6723633,0.06073568507262328,2026-07-27,0.20040791228485721,2026-07-23,0.2548628497873202,2026-07-23,0.20040791228485721,insider,4,2,4
CRMT,27,3.109999895095825,2.559999942779541,1382256.0075759888,0.4172186214700826,2026-07-14,0.33333338284913316,2026-07-07,0.03322255978385491,2026-07-14,0.4172186214700826,8-K,earnings,2,"10-K,8-K"
CRNX,27,83.87999725341797,34.9900016784668,229458114.17312622,0.9873899882300747,2026-07-07,1.2612344852363258,2026-06-29,1.370830828747808,2026-07-07,1.2612344852363258,8-K,"material agreement, other event",6,"144,4,8-K,DEFA14A"
CRTO,27,22.6299991607666,16.56999969482422,6186400.0,0.2143605958565149,2026-07-06,0.3120045456676077,2026-06-26,0.365721157365819,2026-07-06,0.3120045456676077,no filing,,0,
CTNT,27,1.7999999523162842,1.4900000095367432,474743.99700164795,0.1610738308729016,2026-07-24,0.2133333683013916,2026-07-20,-0.010989065691980104,2026-07-20,0.2133333683013916,no filing,,0,
CTSH,27,55.970001220703125,38.72999954223633,399198945.95718384,0.11250247849162132,2026-07-29,0.30132535235839386,2026-07-23,0.33803487379125263,2026-07-23,0.30132535235839386,passive stake,SCHEDULE 13G,1,SCHEDULE 13G
CUE,27,28.010000228881836,25.389999389648438,4149611.3636016846,0.19850338860512795,2026-06-29,0.301486145839007,2026-07-02,-0.08851283286275469,2026-07-02,0.301486145839007,no filing,,1,EFFECT
CURR,27,3.130000114440918,2.5999999046325684,256091.0064458847,0.10472970904879042,2026-07-15,0.20701760432653615,2026-07-13,0.05033560215011956,2026-07-13,0.20701760432653615,no filing,,0,
DOCU,27,58.16999816894531,42.459999084472656,160747861.5989685,0.07227886150102814,2026-07-24,0.23660707986389706,2026-07-23,0.36197610432853367,2026-07-23,0.23660707986389706,no filing,,0,
DSGR,27,34.540000915527344,26.850000381469727,2065500.0,0.2529112401278395,2026-07-16,0.28230911791484825,2026-07-09,0.2230878610293887,2026-07-16,0.28230911791484825,activist/stake,SCHEDULE 13D/A,3,"8-K,DEFA14A,SCHEDULE 13D/A"
DXC,27,11.770000457763672,8.229999542236328,38600693.692588806,0.08414236186125934,2026-07-24,0.26968714957357287,2026-07-23,0.4214976856696262,2026-07-23,0.26968714957357287,8-K,vote results,2,"4,8-K"
EAF,27,7.059999942779541,5.380000114440918,2024459.9940776825,0.16140352755775877,2026-07-14,0.2829860369502424,2026-07-09,-0.06860158128765159,2026-07-09,0.2829860369502424,no filing,,0,
EDBL,27,2.450000047683716,2.430000066757202,628578.0,0.3181817525017694,2026-07-08,0.03448272554637244,2026-07-14,-0.7395002533498509,2026-07-08,0.3181817525017694,8-K,"equity issued (dilution), security terms changed, charter amended, vote results",5,"3,4,8-K"
EDU,27,58.58000183105469,44.439998626708984,27474850.85296631,0.15337666420765528,2026-07-29,0.2033689700865986,2026-07-22,0.29429969075328644,2026-07-22,0.2033689700865986,insider,4,7,4
EFOR,27,23.40999984741211,17.059999465942383,17130960.317230225,0.14947252193646654,2026-06-26,0.2697979616682291,2026-07-21,0.327850309800819,2026-07-21,0.2697979616682291,no filing,,0,
EGG,27,3.9200000762939453,2.049999952316284,293359.99631881714,0.858536600683645,2026-07-28,0.9121952036461063,2026-07-27,-0.46955343070146105,2026-07-28,0.9121952036461063,periodic report,6-K,1,6-K
EGHT,27,1.9700000286102295,1.6200000047683716,3342861.0783934593,0.08292686841375918,2026-07-13,0.21604939679731738,2026-07-23,0.145348834791591,2026-07-23,0.21604939679731738,no filing,,0,
ELTX,27,2.890000104904175,2.799999952316284,2266319.971561432,0.31457794211111656,2026-07-01,0.2914572466967347,2026-06-24,-0.30193231929800357,2026-07-01,0.31457794211111656,offering/dilution,424B5,2,"424B5,8-K"
ELVA,27,7.670000076293945,7.670000076293945,3882528.0910491943,0.4904943508091637,2026-07-15,0.3023256452536325,2026-07-08,-0.25822050646930594,2026-07-15,0.4904943508091637,periodic report,6-K,1,6-K
ENOV,27,30.260000228881836,20.040000915527344,25436460.151672363,0.15111109415690094,2026-07-06,0.2584829421745982,2026-07-01,0.4206573386271064,2026-07-01,0.2584829421745982,insider,4,1,4
EPAM,27,106.88999938964844,76.04000091552734,133741556.6482544,0.07422809707512945,2026-07-01,0.24088692996314975,2026-07-23,0.4057074974051129,2026-07-23,0.24088692996314975,no filing,,0,
EWTX,27,39.75,36.5,41983520.15686035,0.08936382287859423,2026-06-24,0.23499352719464928,2026-07-01,0.08904109589041087,2026-07-01,0.23499352719464928,insider,144,3,"144,4"
EXLS,27,35.9900016784668,25.219999313354492,66705891.95537567,0.17884051323358197,2026-07-29,0.341408937040931,2026-07-22,0.4053104576623727,2026-07-22,0.341408937040931,8-K,"officer/director change, other event",6,"3,4,8-K"
FBIO,27,3.3499999046325684,2.759999990463257,1626371.962738037,0.13030305241531392,2026-07-14,0.24749164119614675,2026-07-07,0.08766233364110998,2026-07-07,0.24749164119614675,no filing,,0,
FBRX,27,76.52999877929688,18.149999618530273,29110788.36364746,0.7832847861512773,2026-07-09,1.161685412137765,2026-07-06,3.1865424455484854,2026-07-09,1.161685412137765,8-K,"reg-FD disclosure, other event",4,"4,8-K,SCHEDULE 13G/A"
FEIM,27,57.689998626708984,54.5,17851530.1322937,0.19679252118094603,2026-07-21,0.35499742169707615,2026-07-14,-0.17266605694243686,2026-07-14,0.35499742169707615,8-K,earnings,1,8-K
FGNX,27,6.889999866485596,4.630000114440918,644183.9977741241,0.12169313014744443,2026-07-15,0.3446089022976797,2026-07-08,0.2902621104133374,2026-07-08,0.3446089022976797,no filing,,0,
FIVN,27,27.165000915527344,18.81999969482422,50891970.80554962,0.10510373311507726,2026-07-27,0.24925269565935881,2026-07-23,0.443411336664268,2026-07-23,0.24925269565935881,no filing,,0,
FNWD,27,44.2400016784668,34.06999969482422,602034.9872589111,0.22745954659570433,2026-07-22,0.2383191369355102,2026-07-15,0.2845529454858251,2026-07-22,0.2383191369355102,merger/tender,425,6,"13F-HR,425,8-K"
FRHC,27,148.24000549316406,128.82000732421875,19942032.540893555,0.20418486349658416,2026-07-01,0.2568960127575113,2026-06-25,0.04225557158236848,2026-07-01,0.2568960127575113,no filing,,0,
FRMI,27,5.860000133514404,5.860000133514404,114036621.30084038,0.17088605923599975,2026-07-24,0.22314047306973572,2026-07-17,-0.34671126431800536,2026-07-17,0.22314047306973572,8-K,"material agreement, debt incurred, equity issued (dilution), officer/director change, reg-FD disclosure",2,8-K
FTH,27,28.93000030517578,22.8700008392334,3655068.118286133,0.16131336131050222,2026-07-09,0.5776614191555889,2026-07-02,0.24752046739663536,2026-07-02,0.5776614191555889,insider,4,1,4
FWRD,27,14.59000015258789,12.180000305175781,9343425.197601318,0.22803025141673028,2026-07-21,0.27337558166010223,2026-07-15,0.06418673318689927,2026-07-21,0.27337558166010223,8-K,reg-FD disclosure,1,8-K
FXHO,27,8.770000457763672,5.849999904632568,663119.9824333191,1.7152777437442608,2026-07-06,2.1481480059530162,2026-06-26,0.4991454018347552,2026-07-06,2.1481480059530162,no filing,,0,
G,27,36.709999084472656,27.5,62487379.765319824,0.0755127496000969,2026-07-28,0.22325887385841114,2026-07-22,0.3059408853571539,2026-07-22,0.22325887385841114,no filing,,0,
GDC,27,1.4700000286102295,1.4600000381469727,1165706.9782018661,0.24358982588412803,2026-07-22,0.2847682579291151,2026-07-15,-0.7059999942779541,2026-07-22,0.2847682579291151,no filing,,0,
GDYN,27,6.800000190734863,5.210000038146973,9832620.15247345,0.10749191182426476,2026-07-29,0.21428576902467467,2026-07-22,0.2408759428954439,2026-07-22,0.21428576902467467,no filing,,0,
GERN,27,1.399999976158142,1.2699999809265137,13192424.170017242,0.0708661690789496,2026-07-02,0.22834643008534639,2026-07-01,0.04477607558580465,2026-07-01,0.22834643008534639,insider,4,1,4
GEVO,27,1.4500000476837158,1.399999976158142,4305155.869889259,0.11188817601360612,2026-07-15,0.20979026750315466,2026-07-14,0.021126825004031735,2026-07-14,0.20979026750315466,8-K,reg-FD disclosure,1,8-K
GLOB,27,38.150001525878906,27.729999542236328,63113041.48006439,0.08658504308402248,2026-07-29,0.24632475547803478,2026-07-23,0.272939686350925,2026-07-23,0.24632475547803478,no filing,,0,
GMEX,27,1.2799999713897705,1.2799999713897705,436857.99815654755,0.22448973964853858,2026-07-27,0.2949640077992035,2026-07-20,-0.8024691407990481,2026-07-27,0.2949640077992035,periodic report,6-K,1,6-K
GMM,27,2.930000066757202,1.850000023841858,454476.0166168213,1.4702703312246177,2026-07-10,0.9698277168799845,2026-07-02,-0.04248362040956577,2026-07-10,1.4702703312246177,no filing,,0,
GRMN,27,294.8299865722656,232.50999450683594,215351494.44580078,0.16234966949215446,2026-07-29,0.22794660173875192,2026-07-23,0.24748240306627167,2026-07-23,0.22794660173875192,no filing,,0,
GSHD,27,70.72000122070312,39.0099983215332,28595079.21524048,0.10999999507780989,2026-07-28,0.3758754692856765,2026-07-22,0.8128686045512148,2026-07-22,0.3758754692856765,8-K,"earnings, officer/director change",3,"10-Q,8-K,SCHEDULE 13G/A"
GTE,27,6.679999828338623,5.909999847412109,1765907.9544067383,0.06879997253417969,2026-07-13,0.21835436710771328,2026-07-16,-0.07350904396729574,2026-07-16,0.21835436710771328,no filing,,0,
GTM,27,3.5,2.609999895095825,26019871.95417881,0.10727977818484535,2026-06-26,0.21527772948697943,2026-07-23,0.32075466945019593,2026-07-23,0.21527772948697943,no filing,,0,
GWRE,27,167.25999450683594,102.69000244140625,196121278.3203125,0.10336062707110183,2026-06-26,0.27310083947726627,2026-07-23,0.6287855733791865,2026-07-23,0.27310083947726627,8-K,officer/director change,3,"144,4,8-K"
HCKT,27,11.170000076293945,9.300000190734863,3251899.929046631,0.07729011975165156,2026-06-26,0.20107525238785184,2026-07-23,0.08975610500428743,2026-07-23,0.20107525238785184,not covered,,0,
HOVR,27,1.590000033378601,1.5,1715823.990702629,0.20241694497774487,2026-07-21,0.23333334922790527,2026-07-16,-0.2570093666187936,2026-07-21,0.23333334922790527,8-K,earnings,6,"10-K,4,8-K"
HUBS,27,251.1199951171875,170.27999877929688,289187086.29608154,0.08920602860171667,2026-06-26,0.3216146643704736,2026-07-23,0.4532406868185699,2026-07-23,0.3216146643704736,insider,144,2,"144,4"
HURN,27,170.3699951171875,90.16000366210938,31607941.009521484,0.40372407729870785,2026-07-29,0.5603076408814238,2026-07-23,0.8829574358557077,2026-07-29,0.5603076408814238,8-K,"earnings, officer/director change",3,"10-Q,8-K"
HUT,27,88.18000030517578,88.18000030517578,429847126.61972046,0.10366324410375838,2026-07-20,0.28027411033012184,2026-07-16,-0.2714805053024103,2026-07-16,0.28027411033012184,no filing,,0,
ICU,27,3.25,2.9800000190734863,294375.0,0.32425069004961715,2026-07-01,0.6510067264441246,2026-06-25,0.0030864168005624304,2026-07-01,0.6510067264441246,8-K,officer/director change,7,"4,8-K"
IMAX,27,48.65999984741211,37.33000183105469,43506109.36279297,0.11857506203251145,2026-07-23,0.24940562277329015,2026-07-21,0.10590908744118432,2026-07-21,0.24940562277329015,no filing,,0,
IMMR,27,7.329999923706055,6.429999828338623,3736120.108795166,0.18711653278537033,2026-07-27,0.2037325004280781,2026-07-20,0.11908392523018851,2026-07-20,0.2037325004280781,no filing,,0,
INLF,27,4.269999980926514,2.2300000190734863,4834099.704776287,0.6860986360105281,2026-07-22,1.3766816795530303,2026-07-21,-0.8076576651269839,2026-07-22,1.3766816795530303,no filing,,0,
IOVA,27,4.559999942779541,3.930000066757202,60001409.428691864,0.20610679150174271,2026-07-15,0.39440201679061304,2026-07-14,0.12315271109528436,2026-07-15,0.39440201679061304,no filing,,0,
IP,27,42.63999938964844,36.25,191865867.6914215,0.11210762376961925,2026-07-24,0.21292990380665877,2026-07-21,0.15586880171143314,2026-07-21,0.21292990380665877,8-K,officer/director change,1,8-K
IQV,27,247.55999755859375,167.80999755859375,260341365.06652832,0.13938655403129885,2026-07-28,0.24702796811764793,2026-07-22,0.47523986151155206,2026-07-22,0.24702796811764793,insider,4,4,4
IT,27,165.64999389648438,125.7300033569336,179692732.28149414,0.06825661825476459,2026-07-16,0.2539741577807231,2026-07-22,0.3175056826032394,2026-07-22,0.2539741577807231,no filing,,0,
ITRI,27,102.33000183105469,81.0999984741211,44322097.15805054,0.2623259988675595,2026-07-28,0.2719277088113794,2026-07-21,0.2515900092633314,2026-07-28,0.2719277088113794,8-K,earnings,2,"10-Q,8-K"
JLHL,27,5.75,3.059999942779541,2419268.0066108704,3.1797386277841797,2026-07-09,2.513071961117513,2026-07-08,-0.7826087019227371,2026-07-09,3.1797386277841797,no filing,,0,
JZ,27,2.240000009536743,2.200000047683716,349013.54234838486,0.20937494621612207,2026-07-09,0.32107024584782873,2026-07-06,-0.5362318747578793,2026-07-09,0.32107024584782873,no filing,,0,
JZXN,27,1.2699999809265137,1.0399999618530273,286924.99405145645,0.8547009879393819,2026-07-10,0.9375000598707366,2026-07-02,-0.030534323358943016,2026-07-10,0.9375000598707366,no filing,,0,
KD,27,14.010000228881836,10.619999885559082,48474475.0,0.0610079181948151,2026-07-01,0.20257516631998773,2026-07-22,0.3192090753157564,2026-07-22,0.20257516631998773,proxy/other,DEFA14A,1,DEFA14A
KEEL,27,3.180000066757202,3.180000066757202,135654668.84777546,0.09873420258130672,2026-07-20,0.22236340857019976,2026-07-16,-0.5225225015593864,2026-07-16,0.22236340857019976,insider,3,6,"3,4"
KOS,27,2.4800000190734863,2.0299999713897705,34067214.306259155,0.16190484191825694,2026-07-13,0.27441855255754377,2026-07-16,0.008130073421291018,2026-07-16,0.27441855255754377,no filing,,0,
KSCP,27,1.3799999952316284,1.3799999952316284,1283833.0141544342,0.4545454545454546,2026-07-22,0.30817602518299947,2026-07-15,-0.27368420392192294,2026-07-22,0.4545454545454546,8-K,earnings,1,8-K
LAD,27,427.4800109863281,290.29998779296875,86556144.20471191,0.19304516731053023,2026-07-29,0.27980367956012,2026-07-23,0.44834836464965266,2026-07-23,0.27980367956012,no filing,,0,
LASR,27,59.06999969482422,58.68000030517578,66102575.0,0.2731765285604979,2026-07-09,0.21132020657675543,2026-07-07,-0.0940183671831174,2026-07-09,0.2731765285604979,insider,144,1,144
LCID,27,7.960000038146973,4.619999885559082,87119710.90679169,0.28787877849592336,2026-07-15,0.584415660818909,2026-07-14,0.5426357119252911,2026-07-15,0.584415660818909,8-K,reg-FD disclosure,1,8-K
LHSW,27,2.609999895095825,1.4700000286102295,423774.99520778656,2.7777779838185306,2026-07-06,3.625850379855933,2026-06-26,0.24880382884283136,2026-07-06,3.625850379855933,activist/stake,SCHEDULE 13D/A,3,"4,6-K,SCHEDULE 13D/A"
LPTH,27,9.390000343322754,9.390000343322754,35403925.297260284,0.22200774777559595,2026-07-21,0.22230771871713495,2026-06-24,-0.3659689346878642,2026-07-21,0.22230771871713495,proxy/other,S-8 POS,29,"POS AM,S-8 POS"
LRMR,27,3.630000114440918,3.049999952316284,6671859.867095947,0.14404438627588645,2026-07-09,0.31288350378189644,2026-07-02,-0.00819671330225158,2026-07-02,0.31288350378189644,no filing,,0,
MAAS,27,18.360000610351562,12.579999923706055,1300771.992111206,0.2643332014956745,2026-07-16,0.41672574468549595,2026-07-14,0.028571440783344393,2026-07-16,0.41672574468549595,activist/stake,SCHEDULE 13D/A,2,"6-K,SCHEDULE 13D/A"
MAN,27,55.86000061035156,31.329999923706055,50895502.658081055,0.32368018759472594,2026-07-16,0.3784360780148832,2026-07-09,0.782955657401222,2026-07-16,0.3784360780148832,8-K,earnings,1,8-K
MANH,27,204.02000427246094,127.87000274658203,99084020.95947266,0.21317718079238102,2026-07-29,0.3838432775421001,2026-07-23,0.5843752232917581,2026-07-29,0.3838432775421001,8-K,earnings,1,8-K
MESO,27,14.130000114440918,13.1899995803833,3490093.0377960205,0.08960573599218202,2026-07-15,0.23243240108448227,2026-07-08,-0.08838708939090856,2026-07-08,0.23243240108448227,periodic report,6-K,2,"4,6-K"
MF,27,6.829999923706055,4.019999980926514,2706087.9329681396,0.35071092243022894,2026-07-22,0.5829384266474695,2026-07-21,-0.06566347781542825,2026-07-22,0.5829384266474695,periodic report,6-K,1,6-K
MGRT,27,96.98999786376953,72.8499984741211,727559.9868774414,0.12828616832822415,2026-07-23,0.29887001915424993,2026-07-16,0.15560583237348524,2026-07-16,0.29887001915424993,not covered,,0,
MH,27,11.199999809265137,9.100000381469727,6788384.71698761,0.09292503586349055,2026-07-01,0.23076915821582,2026-07-22,0.2213740148398795,2026-07-22,0.23076915821582,no filing,,0,
MNDY,27,90.25,67.08999633789062,86228504.67529297,0.08838874092808191,2026-06-26,0.25801509182339233,2026-07-23,0.2826890167298004,2026-07-23,0.25801509182339233,periodic report,6-K,2,6-K
MPLT,27,15.020000457763672,9.904999732971191,19506492.599487305,0.24280673917030815,2026-07-28,0.5164059427246586,2026-07-27,-0.49580396118971426,2026-07-28,0.5164059427246586,8-K,"reg-FD disclosure, other event",2,"4,8-K"
MYSE,27,2.4000000953674316,2.309999942779541,419894.9942588806,0.160173217810756,2026-06-23,0.23376622304296024,2026-07-10,0.038961105981499156,2026-07-10,0.23376622304296024,no filing,,0,
NAKA,27,4.28000020980835,3.369999885559082,908105.0109624863,0.18100894784250277,2026-07-14,0.3738873209702802,2026-07-13,0.046454779983379435,2026-07-13,0.3738873209702802,no filing,,0,
NCT,27,3.4700000286102295,2.8499999046325684,1358878.049325943,0.1143791338548934,2026-07-24,0.21180551071410014,2026-07-21,0.19655169465454048,2026-07-21,0.21180551071410014,no filing,,0,
NCTY,27,4.360000133514404,3.2100000381469727,264215.997505188,0.41433018937713784,2026-07-27,0.35825547716544226,2026-07-24,-0.1383398848183811,2026-07-27,0.41433018937713784,offering/dilution,F-3/A,3,"6-K,EFFECT,F-3/A"
NDLS,27,15.9399995803833,10.869999885559082,468456.00299835205,0.24372463014040102,2026-07-24,0.38253826564663274,2026-07-17,0.16011643711156331,2026-07-24,0.38253826564663274,8-K,earnings,2,"10-Q,8-K"
NEWP,27,4.369999885559082,3.759999990463257,2035098.0174064636,0.07834093635872219,2026-07-22,0.2061854871911466,2026-07-15,0.028235267190372282,2026-07-15,0.2061854871911466,passive stake,SCHEDULE 13G/A,2,"6-K,SCHEDULE 13G/A"
NGNE,27,33.65999984741211,30.06999969482422,7495312.316131592,0.13022105911972126,2026-07-07,0.26446277455714107,2026-07-01,0.04372092550115059,2026-07-01,0.26446277455714107,offering/dilution,424B5,3,"4,424B5,8-K"
NICE,27,105.0199966430664,84.06999969482422,46638437.51296997,0.06736134493189705,2026-07-28,0.20962908330126595,2026-07-23,0.24919706226110505,2026-07-23,0.20962908330126595,no filing,,0,
NNVC,27,1.5399999618530273,1.2999999523162842,565440.0084257126,0.12781951248062962,2026-07-06,0.20408159624317213,2026-07-07,0.16666659140827988,2026-07-07,0.20408159624317213,offering/dilution,424B3,1,424B3
NOW,27,115.76000213623047,89.5199966430664,2151281307.295227,0.09852546945450924,2026-06-26,0.2590819998074809,2026-07-23,0.24459734950525425,2026-07-23,0.2590819998074809,8-K,earnings,4,"10-Q,8-K,S-8"
NUAI,27,4.065000057220459,3.984999895095825,38589557.91544914,0.263803763538373,2026-07-20,0.420673092353274,2026-07-14,-0.39146704166436164,2026-07-20,0.420673092353274,passive stake,SCHEDULE 13G,1,SCHEDULE 13G
NVCR,27,15.199999809265137,13.609999656677246,21396344.461250305,0.2838792654416842,2026-07-23,0.21741776359540554,2026-07-16,0.11682587749425966,2026-07-23,0.2838792654416842,8-K,earnings,3,"10-Q,144,8-K"
NVEC,27,112.26000213623047,84.69000244140625,24220690.837097168,0.5483387891249618,2026-07-23,0.544418922408181,2026-07-16,0.014092188175196307,2026-07-23,0.5483387891249618,8-K,"earnings, other event",2,"10-Q,8-K"
NVVE,27,1.1799999475479126,1.1799999475479126,1065840.0423526764,0.6358380881531325,2026-07-08,2.202454043964387,2026-07-06,-0.8126984266947662,2026-07-08,2.202454043964387,8-K,"material agreement, security terms changed, charter amended, other event",2,8-K
NXTC,27,5.019999980926514,1.600000023841858,306250.0,2.018348496426401,2026-07-14,2.724719225284264,2026-07-08,1.8685714176722934,2026-07-14,2.724719225284264,merger/tender,425,2,"425,8-K"
OBE,27,9.819999694824219,7.869999885559082,6725326.890945435,0.08680952285211196,2026-07-17,0.20969556715614424,2026-07-16,0.0685527903380645,2026-07-16,0.20969556715614424,periodic report,6-K,2,6-K
OEC,27,7.150000095367432,5.340000152587891,3788167.9094314575,0.06554305142911843,2026-07-10,0.24906364900785727,2026-07-09,-0.0027893975890794787,2026-07-09,0.24906364900785727,no filing,,0,
OII,27,46.58000183105469,36.189998626708984,40881541.39709473,0.09808411161127273,2026-07-24,0.2471618037996839,2026-07-17,0.28709598227720456,2026-07-17,0.2471618037996839,no filing,,0,
OPK,27,1.3700000047683716,1.1699999570846558,3533088.0226135254,0.3306451318291299,2026-07-28,0.3636363009417731,2026-07-21,-0.041958003482745365,2026-07-28,0.3636363009417731,8-K,earnings,4,"10-Q,4,8-K"
OTEX,27,25.8799991607666,20.010000228881836,31339009.245300293,0.05747124464648423,2026-06-23,0.20260216590422941,2026-07-23,0.2933532666037746,2026-07-23,0.20260216590422941,8-K,"officer/director change, other event",1,8-K
OTLY,27,15.260000228881836,8.289999961853027,632074.9750137329,0.19116016638402433,2026-07-22,0.6751380693817546,2026-07-21,0.8363416917355231,2026-07-21,0.6751380693817546,periodic report,6-K,2,6-K
PAVS,27,4.809999942779541,3.880000114440918,582971.9930648804,0.5231957920350991,2026-07-23,0.3104211856941248,2026-07-16,-0.7012422466576085,2026-07-23,0.5231957920350991,no filing,,0,
PAYC,27,168.9199981689453,123.66999816894531,111951422.90039062,0.06886978161778856,2026-07-28,0.2178803308263959,2026-07-23,0.36589310802919295,2026-07-23,0.2178803308263959,no filing,,0,
PCOR,27,50.15999984741211,38.29999923706055,136352246.8345642,0.09425589248728716,2026-06-26,0.22103207428519012,2026-07-23,0.2864836544778664,2026-07-23,0.22103207428519012,no filing,,0,
PCTY,27,144.7899932861328,99.51000213623047,77162824.269104,0.06545781172371079,2026-07-28,0.20058039069712352,2026-07-23,0.4550295465566714,2026-07-23,0.20058039069712352,no filing,,0,
PD,27,10.760000228881836,8.239999771118164,16449643.218135834,0.0748899020803333,2026-07-27,0.24681345147107292,2026-07-23,0.3058253067671759,2026-07-23,0.24681345147107292,insider,144,2,"144,4"
PDC,27,3.569999933242798,3.1700000762939453,276777.00963020325,0.26479747493188355,2026-07-14,0.20171675708154369,2026-06-25,-0.39026474438718683,2026-07-14,0.26479747493188355,periodic report,6-K,2,6-K
PENG,27,43.70000076293945,43.70000076293945,243421204.83398438,0.25131561738664954,2026-07-08,0.27460544848228796,2026-07-02,-0.35678541076550874,2026-07-08,0.27460544848228796,8-K,"earnings, officer/director change",3,"10-Q,8-K,8-K/A"
PEPG,27,1.7100000381469727,1.7000000476837158,1418163.9614582062,0.15577886497181814,2026-07-09,0.3295454129822981,2026-07-02,-0.06557377155969979,2026-07-02,0.3295454129822981,no filing,,0,
PEW,27,2.4700000286102295,2.2799999713897705,1070345.982170105,0.21276596608125264,2026-07-06,0.3390557887214296,2026-06-29,0.029166637692187747,2026-07-06,0.3390557887214296,no filing,,0,
PHOE,27,21.010000228881836,16.149999618530273,494000.0,0.26545453312421086,2026-07-17,0.7632849591652338,2026-07-13,0.30092883747039023,2026-07-17,0.7632849591652338,not covered,,0,
PLSE,27,34.25,25.459999084472656,7541760.112380981,0.08468413536408659,2026-07-27,0.2446808017241504,2026-07-15,0.33216651962796084,2026-07-15,0.2446808017241504,no filing,,0,
PMN,27,14.0600004196167,10.239999771118164,1126059.9823951721,0.23890786066037384,2026-07-28,0.3134765732320377,2026-06-24,0.31647940242126116,2026-07-28,0.3134765732320377,8-K,"reg-FD disclosure, other event",1,8-K
PRE,27,18.020000457763672,16.579999923706055,2466089.967727661,0.13887364029721683,2026-07-20,0.2650386309077253,2026-07-07,-0.09719432443351939,2026-07-07,0.2650386309077253,periodic report,20-F/A,2,"20-F/A,4"
PRLD,27,4.710000038146973,3.8299999237060547,1446911.9676589966,0.1928019900657294,2026-07-28,0.22976504751190596,2026-07-24,0.09027774328435045,2026-07-24,0.22976504751190596,no filing,,0,
PYPL,27,58.349998474121094,41.70000076293945,672292156.048584,0.1720498566529023,2026-07-15,0.2517652233946328,2026-07-09,0.3781293874311582,2026-07-09,0.2517652233946328,no filing,,0,
PYXS,27,2.9200000762939453,2.0999999046325684,2277777.0650863647,0.2479674331856172,2026-07-07,0.4333333938840864,2026-06-23,0.3708919809426332,2026-07-07,0.4333333938840864,8-K,"material agreement, equity issued (dilution), reg-FD disclosure",3,"4,8-K,SCHEDULE 13G/A"
QBTS,27,16.18000030517578,16.18000030517578,349677461.4784241,0.20357812034488076,2026-07-27,0.16686609031729627,2026-07-20,-0.3387821512383308,2026-07-27,0.20357812034488076,8-K,reg-FD disclosure,7,"144,25,4,8-A12B,8-K,CERT"
QMCO,27,10.449999809265137,9.600000381469727,8539609.238433838,0.10729163458777924,2026-07-17,0.20312497206032387,2026-07-16,-0.25569801726082597,2026-07-16,0.20312497206032387,offering/dilution,S-1,1,S-1
QNCX,27,22.0,16.75,506257.9917907715,0.13577692549396336,2026-07-29,0.23249297085945342,2026-07-27,0.18534486169409758,2026-07-27,0.23249297085945342,no filing,,0,
QTTB,27,14.640000343322754,11.15999984741211,6875777.876472473,0.9072256099921248,2026-07-13,0.6618732639828375,2026-07-06,0.15731231500413956,2026-07-13,0.9072256099921248,offering/dilution,424B5,6,"424B5,8-K,EFFECT,SCHEDULE 13G,SCHEDULE 13G/A"
RBNE,27,2.509999990463257,2.509999990463257,384280.9985399246,0.2735425515149843,2026-07-23,0.3853658440140013,2026-07-16,-0.7599234807480018,2026-07-23,0.3853658440140013,offering/dilution,424B5,2,"424B5,6-K"
RCKY,27,49.099998474121094,38.959999084472656,1961760.0372314453,0.14907556751991913,2026-07-29,0.2244389112834564,2026-07-23,0.20195839187672093,2026-07-23,0.2244389112834564,no filing,,0,
RELL,27,16.690000534057617,16.149999618530273,2766791.918182373,0.21154910702513252,2026-07-23,0.3065867483818945,2026-07-16,-0.08847618673599933,2026-07-23,0.3065867483818945,8-K,earnings,18,"144,4,8-K"
RGC,27,5.650000095367432,4.78000020980835,2481744.9204444885,0.31855493132605517,2026-07-01,0.17573214202524312,2026-07-16,-0.46241674858949666,2026-07-01,0.31855493132605517,not covered,,0,
RGNT,27,1.7799999713897705,1.7799999713897705,355272.0060348511,0.2946176228613837,2026-07-01,0.08809532838073597,2026-06-24,-0.5690072827925985,2026-07-01,0.2946176228613837,periodic report,6-K,2,"6-K,D"
RHI,27,40.130001068115234,29.110000610351562,81484918.51272583,0.12615806462845414,2026-07-16,0.29012337248421316,2026-07-10,0.37856407511873913,2026-07-10,0.29012337248421316,no filing,,0,
RIOT,27,18.239999771118164,18.239999771118164,378146631.97250366,0.0898137661057885,2026-07-20,0.2678002655288787,2026-07-16,-0.36290603193193505,2026-07-16,0.2678002655288787,insider,4,1,4
ROP,27,408.07000732421875,325.0899963378906,328527938.6627197,0.05467614305875301,2026-07-23,0.21193317002789636,2026-07-22,0.255252428315514,2026-07-22,0.21193317002789636,8-K,earnings,1,8-K
RXT,27,3.7799999713897705,3.7799999713897705,72703216.49107933,0.22196803030458434,2026-07-10,0.07441474418763017,2026-06-26,-0.44696416235652847,2026-07-10,0.22196803030458434,offering/dilution,424B5,5,"424B5,8-K,S-3ASR,S-8"
RZLT,27,4.699999809265137,4.369999885559082,8031462.720346451,0.14382030803467427,2026-07-21,0.21510299355538742,2026-07-16,-0.08737869471246862,2026-07-16,0.21510299355538742,no filing,,0,
SAFT,27,103.0999984741211,70.62000274658203,8921775.035858154,0.4148614408279494,2026-07-24,0.4220689444706358,2026-07-22,0.4599262880814752,2026-07-24,0.4220689444706358,8-K,"material agreement, reg-FD disclosure",8,"4,8-K,DEFA14A"
SAP,27,185.99000549316406,146.3800048828125,450838302.37731934,0.09304546155802673,2026-07-24,0.2705970712465966,2026-07-23,0.24399713949999624,2026-07-23,0.2705970712465966,no filing,,0,
SCLX,27,6.559999942779541,6.559999942779541,577163.0172252655,0.23048335572360612,2026-07-07,0.2730769310712342,2026-06-29,-0.045123718769074395,2026-07-07,0.2730769310712342,activist/stake,SCHEDULE 13D/A,3,"4,8-K,SCHEDULE 13D/A"
SHPH,27,2.7799999713897705,2.7799999713897705,429351.99625492096,0.40540533574329407,2026-07-14,0.27607357655880227,2026-07-07,-0.20910387242632578,2026-07-14,0.40540533574329407,insider,3,5,"3,4"
SKIL,27,7.389999866485596,5.179999828338623,640528.0106544495,0.2818532985579725,2026-07-01,0.5135135931273587,2026-06-30,0.001354979930841882,2026-07-01,0.5135135931273587,insider,4,8,4
SLNH,27,1.1399999856948853,1.100000023841858,15972739.727985859,0.20353984074693798,2026-07-20,0.22321428476395666,2026-07-14,-0.3173652604847964,2026-07-20,0.22321428476395666,8-K,reg-FD disclosure,3,"3,8-K"
SMCI,27,25.700000762939453,23.829999923706055,1070545643.8207626,0.19843135160558356,2026-07-22,0.26418153878208517,2026-07-16,-0.2752396664840001,2026-07-16,0.26418153878208517,no filing,,0,
SMX,27,15.039999961853027,13.399999618530273,590939.9831771851,0.1494903404563337,2026-07-21,0.24887458765852233,2026-07-08,-0.04810127972830669,2026-07-08,0.24887458765852233,offering/dilution,F-3,2,"6-K,F-3"
SOC,27,4.360000133514404,3.0799999237060547,36026782.2201252,0.4285714949216841,2026-07-01,0.33766233364111,2026-06-30,-0.5346851454892783,2026-07-01,0.4285714949216841,offering/dilution,424B5,4,"305B2,424B5,8-K"
SONO,27,17.520000457763672,13.399999618530273,29826623.678588867,0.0727968966000232,2026-07-28,0.20578119612814794,2026-07-23,0.22346374519100398,2026-07-23,0.20578119612814794,insider,4,1,4
SRXH,27,1.4500000476837158,1.350000023841858,5306983.077073097,0.45925925468057605,2026-07-08,0.7111110385062775,2026-07-07,-0.7842261766436212,2026-07-08,0.7111110385062775,passive stake,SCHEDULE 13G/A,2,"S-8,SCHEDULE 13G/A"
STAK,27,2.430000066757202,1.309999942779541,1568518.007516861,6.022727340459821,2026-07-24,3.8281253463355904,2026-07-17,-0.5225933214320777,2026-07-24,6.022727340459821,no filing,,0,
STIM,27,1.8200000524520874,1.2000000476837158,1949710.021495819,0.24691356480294235,2026-07-20,0.24822697313994824,2026-07-02,0.5166666501098216,2026-07-20,0.24822697313994824,8-K,"officer/director change, reg-FD disclosure",3,"3,4,8-K"
STX,27,764.4299926757812,745.489990234375,4244972814.404297,0.11138389123701886,2026-07-21,0.22518074999828075,2026-07-16,-0.30127786426278036,2026-07-16,0.22518074999828075,no filing,,0,
SUNE,27,2.1600000858306885,2.059999942779541,699769.989490509,0.4960937536379788,2026-07-10,0.7098213872321104,2026-07-02,-0.17241372695481094,2026-07-10,0.7098213872321104,passive stake,SCHEDULE 13G,1,SCHEDULE 13G
TBI,27,7.46999979019165,6.300000190734863,1882330.9203147888,0.210370381673177,2026-07-06,0.20888886628327552,2026-07-02,0.18571421651343045,2026-07-06,0.210370381673177,no filing,,0,
TENX,27,14.819999694824219,12.25,19800100.53396225,0.16328066836137012,2026-07-02,0.3784800411895455,2026-07-01,0.20979589345503835,2026-07-01,0.3784800411895455,8-K,other event,1,8-K
TGB,27,6.710000038146973,6.360000133514404,30646130.80072403,0.13532760852511472,2026-07-14,0.22052060246803018,2026-07-07,-0.03591954003301412,2026-07-07,0.22052060246803018,periodic report,6-K,1,6-K
THC,27,257.6199951171875,178.75,232110158.27178955,0.17174149302593933,2026-07-24,0.33660744842286383,2026-07-21,0.44123074191433576,2026-07-21,0.33660744842286383,no filing,,0,
THRM,27,42.88999938964844,33.880001068115234,11164691.669845581,0.265187283650842,2026-07-23,0.22838673036070523,2026-07-16,0.21673757133754434,2026-07-23,0.265187283650842,merger/tender,425,5,"10-Q,425,8-K"
TMCR,27,6.230000019073486,5.199999809265137,402569.99158859253,0.1385199282192684,2026-07-21,0.21252369821871908,2026-07-20,-0.2355827839661948,2026-07-20,0.21252369821871908,periodic report,6-K,2,"4,6-K"
TOP,27,2.109999895095825,1.3899999856948853,666539.9697303772,0.20000004541306482,2026-07-16,0.3317535935952858,2026-07-10,0.5179855516624337,2026-07-16,0.3317535935952858,8-K,"equity issued (dilution), reg-FD disclosure",1,8-K
TRI,27,106.33999633789062,76.55000305175781,162561586.4807129,0.08441486945695731,2026-07-27,0.24098486764082638,2026-07-23,0.389157310235388,2026-07-23,0.24098486764082638,no filing,,0,
TSEM,27,187.83999633789062,187.83999633789062,384053103.1036377,0.11237379676259618,2026-07-14,0.2055396325333838,2026-07-07,-0.4071642962931714,2026-07-07,0.2055396325333838,periodic report,6-K,12,"4,6-K"
TTEC,27,2.5399999618530273,1.940000057220459,995435.0193738937,0.11374408600425245,2026-07-13,0.2893400634338641,2026-07-22,0.22705316124041697,2026-07-22,0.2893400634338641,insider,4,1,4
TTGT,27,4.519999980926514,3.4000000953674316,1421784.0109348297,0.17631574902177793,2026-07-28,0.3294117218070389,2026-07-24,0.26256985398127064,2026-07-24,0.3294117218070389,no filing,,0,
TTRX,27,7.429999828338623,5.769999980926514,674800.0240325928,0.2626787992062305,2026-07-07,0.4052098773610686,2026-06-29,0.28769494850943755,2026-07-07,0.4052098773610686,8-K,reg-FD disclosure,1,8-K
TVRD,27,2.140000104904175,1.5,2861438.0651950836,0.6129032754253041,2026-07-08,1.6315789803903855,2026-06-30,-0.20149251806042934,2026-07-08,1.6315789803903855,8-K,reg-FD disclosure,1,8-K
UFI,27,6.159999847412109,4.5,508247.98135757446,0.09142857506161639,2026-07-10,0.3039999961853028,2026-07-07,0.350877176471474,2026-07-07,0.3039999961853028,no filing,,0,
UMAC,27,17.260000228881836,16.639999389648438,64910601.20201111,0.159646373785987,2026-06-30,0.29326930571590215,2026-07-16,-0.2352680344590381,2026-07-16,0.29326930571590215,no filing,,0,
VEEE,27,12.9399995803833,4.590000152587891,3047950.06275177,4.157676291489159,2026-07-13,7.029045515490134,2026-07-10,1.2902653737993939,2026-07-13,7.029045515490134,merger/tender,425,3,"4,425,8-K"
VENU,27,2.0899999141693115,2.0899999141693115,1336698.9557027817,0.11926604701898591,2026-07-06,0.22018348824525358,2026-07-01,-0.29865775141199,2026-07-01,0.22018348824525358,no filing,,0,
VERX,27,13.319999694824219,10.579999923706055,23212559.074401855,0.09059241785690442,2026-07-01,0.22314042928303746,2026-07-23,0.2589791862832427,2026-07-23,0.22314042928303746,no filing,,0,
VIVK,27,2.4000000953674316,1.6299999952316284,1695161.8631386757,0.49132941922612905,2026-07-21,0.4723927008517468,2026-07-22,-0.7262773504298605,2026-07-21,0.49132941922612905,offering/dilution,424B3,4,"424B3,8-K,EFFECT"
VRAX,27,2.930000066757202,2.740000009536743,434980.0125360489,1.0,2026-07-09,1.321167923860592,2026-07-01,-0.28098154505543826,2026-07-09,1.321167923860592,periodic report,20-F,3,"20-F,6-K"
VRRM,27,5.099999904632568,3.9000000953674316,18027652.093076706,0.22009572107078457,2026-07-29,0.30769225126187605,2026-07-23,0.14093962953271344,2026-07-29,0.30769225126187605,8-K,"vote results, reg-FD disclosure",2,"8-K,8-K/A"
WDAY,27,168.00999450683594,113.04000091552734,568113635.2027893,0.09176410960228765,2026-06-26,0.3139124962701767,2026-07-23,0.4862879789994572,2026-07-23,0.3139124962701767,no filing,,0,
WEX,27,188.41000366210938,130.0500030517578,98438391.60766602,0.10142606171498292,2026-07-23,0.21023903215676243,2026-07-22,0.4487504747472033,2026-07-22,0.21023903215676243,8-K,earnings,2,"10-Q,8-K"
WIX,27,61.220001220703125,40.43000030517578,61289021.47293091,0.09589574634912101,2026-07-27,0.2581175793809418,2026-07-22,0.46249403554867663,2026-07-22,0.2581175793809418,no filing,,0,
WRAP,27,1.6299999952316284,1.059999942779541,867791.9815063477,0.4842766324231116,2026-07-09,0.7446809194198447,2026-07-02,0.33606553852990717,2026-07-09,0.7446809194198447,passive stake,SCHEDULE 13G/A,9,"4,4/A,SCHEDULE 13G/A"
WYFI,27,20.579999923706055,20.579999923706055,83960554.00428772,0.1304071346000255,2026-07-06,0.22455468657815647,2026-07-02,-0.5403171830851026,2026-07-02,0.22455468657815647,no filing,,0,
XNCR,27,19.530000686645508,14.010000228881836,16086399.912834167,0.16856184188896162,2026-07-17,0.3678930450732003,2026-07-14,0.3940043088924512,2026-07-14,0.3678930450732003,insider,4,8,4
YYGH,27,1.25,1.059999942779541,763007.9829454422,0.2560000419616699,2026-07-06,0.19999999999999996,2026-06-29,-0.42129631929191447,2026-07-06,0.2560000419616699,activist/stake,SCHEDULE 13D/A,1,SCHEDULE 13D/A
ZSQR,27,5.289999961853027,4.525000095367432,4445759.975910187,0.20596588311393638,2026-07-09,0.11134447636270228,2026-07-23,-0.6403806969317036,2026-07-09,0.20596588311393638,offering/dilution,S-3ASR,4,"3,8-K,S-3ASR"
