ticker,band,items,impact,paperwork_public_et,entry_t,entry_px,lag_min,exit_t,exit_px,exit_reason,held_min,size_usd,ret,pnl,balance_after,final_verdict,final_impact
AVNS,small,"7.01,9.01",low,2026-07-02 10:10:31-04:00,2026-07-02 14:12:00+00:00,24.924999237060547,1.4833333333333334,2026-07-02 16:31:00+00:00,24.924999237060547,time,139.0,40.0,0.0,0.0,4800.0,positive,low
ESI,mid,"7.01,9.01",high,2026-07-06 09:13:10-04:00,2026-07-06 13:30:00+00:00,44.310001373291016,16.833333333333332,2026-07-06 15:30:00+00:00,42.59000015258789,time,120.0,40.0,-0.03881744904977369,-1.552697961990944,4798.447302038009,positive,high
SSB,mid,"7.01,9.01",low,2026-07-06 09:39:50-04:00,2026-07-06 13:42:00+00:00,100.73999786376953,2.1666666666666665,2026-07-06 16:13:00+00:00,100.5,time,151.0,40.0,-0.00238234930374015,-0.09529397214960511,4798.35200806586,neutral,low
FRME,mid,5.02,low,2026-07-02 16:10:19-04:00,2026-07-06 13:30:00+00:00,43.619998931884766,5359.683333333333,2026-07-06 17:20:00+00:00,43.439998626708984,time,230.0,40.0,-0.004126554552577155,-0.16506218210309243,4798.186945883757,neutral,low
BMRC,small,"8.01,9.01",low,2026-07-02 15:07:01-04:00,2026-07-02 19:10:00+00:00,28.209999084472656,2.9833333333333334,2026-07-06 17:44:00+00:00,28.40999984741211,time,5674.0,40.0,0.0070897117841288715,0.28358847136515664,4798.470534355122,neutral,low
ARQ,micro,"5.02,9.01",low,2026-07-02 16:33:09-04:00,2026-07-06 13:30:00+00:00,2.3499999046325684,5336.85,2026-07-06 19:16:00+00:00,2.255000114440918,time,346.0,40.0,-0.040425444275285605,-1.617017771011426,4796.853516584111,neutral,low
RWT,small,"2.02,7.01,9.01",low,2026-07-07 09:31:50-04:00,2026-07-07 13:33:00+00:00,4.635000228881836,1.1666666666666667,2026-07-07 14:21:00+00:00,4.913100242614746,target,48.0,39.97377930486758,0.06000000000000005,2.3984267582920538,4799.251943342403,neutral,low
XRN,mid,"1.01,2.01,9.01",low,2026-07-02 17:26:58-04:00,2026-07-06 13:30:00+00:00,38.099998474121094,5283.033333333334,2026-07-07 14:42:00+00:00,37.7322998046875,time,1512.0,40.0,-0.009650884098679091,-0.3860353639471654,4798.865907978456,positive,low
LAZ,mid,"5.02,7.01,9.01",low,2026-07-07 08:31:08-04:00,2026-07-07 13:30:00+00:00,43.724998474121094,58.86666666666667,2026-07-07 16:00:00+00:00,42.459999084472656,time,150.0,39.973779304867584,-0.028930804660796894,-1.156473600622924,4797.709434377833,neutral,low
VERA,small,8.01,medium,2026-07-07 12:45:57-04:00,2026-07-07 16:47:00+00:00,42.470001220703125,1.05,2026-07-07 18:47:00+00:00,42.994998931884766,time,120.0,39.9809119531486,0.012361612811202738,0.49422855340360883,4798.203662931236,positive,medium
HBCP,small,"7.01,9.01",low,2026-07-02 17:31:53-04:00,2026-07-06 13:32:00+00:00,69.12000274658203,5280.116666666667,2026-07-07 19:00:00+00:00,68.8499984741211,time,1768.0,40.0,-0.003906311657001282,-0.1562524662800513,4798.047410464956,neutral,low
HTB,small,8.01,low,2026-07-07 08:56:15-04:00,2026-07-07 13:30:00+00:00,50.540000915527344,33.75,2026-07-07 19:56:00+00:00,49.150001525878906,time,386.0,39.97377930486758,-0.027502955371363824,-1.0993970682465175,4796.948013396709,neutral,low
AZZ,mid,"5.07,9.01",low,2026-07-07 12:52:15-04:00,2026-07-07 16:54:00+00:00,143.58999633789062,1.75,2026-07-07 23:33:00+00:00,144.0,time,399.0,39.9809119531486,0.0028553776207680404,0.11416060124891914,4797.062173997958,neutral,low
UPLD,small,5.02,low,2026-07-07 12:01:36-04:00,2026-07-07 16:06:00+00:00,5.239999771118164,4.4,2026-07-08 15:33:00+00:00,4.620100021362305,stop,1407.0,39.98091195314859,-0.1183014841284199,-4.729801220865163,4792.332372777093,neutral,low
OSBC,small,5.02,low,2026-07-08 11:00:06-04:00,2026-07-08 15:02:00+00:00,22.6299991607666,1.9,2026-07-08 18:38:00+00:00,22.760000228881836,time,216.0,39.97551811664964,0.005744634243761482,0.22964473028501686,4792.562017507378,neutral,low
FMAO,small,5.02,low,2026-07-07 15:19:30-04:00,2026-07-07 19:28:00+00:00,30.3799991607666,8.5,2026-07-09 15:00:00+00:00,29.809999465942383,time,2612.0,39.9837284205413,-0.01876233412015127,-0.7501880719955807,4791.811829435383,neutral,low
MAIN,mid,"2.02,9.01",low,2026-07-09 09:38:49-04:00,2026-07-09 13:40:00+00:00,51.130001068115234,1.1833333333333333,2026-07-09 16:00:00+00:00,51.79999923706055,time,140.0,39.93801681256148,0.013103816838430093,0.5233404572019467,4792.335169892584,neutral,low
SSII,small,"8.01,9.01",low,2026-07-07 08:30:38-04:00,2026-07-07 13:30:00+00:00,3.690000057220459,59.36666666666667,2026-07-09 16:29:00+00:00,3.6600000858306885,time,3059.0,39.973779304867584,-0.008130073421291018,-0.32498976067505936,4792.01018013191,neutral,low
MSIF,small,"2.02,9.01",low,2026-07-09 09:39:31-04:00,2026-07-09 13:43:00+00:00,11.489999771118164,3.4833333333333334,2026-07-09 18:25:00+00:00,11.329999923706055,time,282.0,39.93801681256148,-0.01392513930368322,-0.5561424476277637,4791.4540376842815,neutral,low
KLRS,micro,5.02,low,2026-07-06 16:11:47-04:00,2026-07-07 13:30:00+00:00,4.804999828338623,1038.2166666666667,2026-07-10 19:22:00+00:00,4.425000190734863,time,4672.0,39.97377930486759,-0.07908421460550774,-3.161294941139353,4788.292742743142,neutral,low
MNSB,micro,7.01,low,2026-07-06 09:51:29-04:00,2026-07-06 14:16:00+00:00,24.860000610351562,24.516666666666666,2026-07-10 20:10:00+00:00,24.16,time,6114.0,40.0,-0.028157706885175493,-1.1263082754070197,4787.166434467736,neutral,low
CCNE,small,5.02,low,2026-07-10 08:30:15-04:00,2026-07-10 13:30:00+00:00,33.31999969482422,59.75,2026-07-13 16:41:00+00:00,33.61140060424805,time,4511.0,39.928783647369,0.008745525573011781,0.3491981984873149,4787.515632666223,neutral,low
NGS,small,4.01,low,2026-07-10 14:01:50-04:00,2026-07-10 18:10:00+00:00,40.099998474121094,8.166666666666666,2026-07-13 18:13:00+00:00,40.95000076293945,time,4323.0,39.92878364736901,0.021197065365648804,0.8463730369441294,4788.362005703167,neutral,low
FSBC,small,"7.01,9.01",low,2026-07-10 12:09:26-04:00,2026-07-10 16:16:00+00:00,48.36000061035156,6.566666666666666,2026-07-13 19:45:00+00:00,48.029998779296875,time,4529.0,39.92878364736901,-0.006823859116826592,-0.27246839431589365,4788.089537308851,neutral,low
TCBX,small,"8.01,9.01",low,2026-07-13 08:05:42-04:00,2026-07-13 13:30:00+00:00,39.97999954223633,84.3,2026-07-14 17:48:00+00:00,40.54499816894531,time,1698.0,39.893053620564466,0.014132031845375481,0.5637699041750963,4788.653307213026,positive,low
LKFN,small,"7.01,9.01",low,2026-07-14 14:16:22-04:00,2026-07-14 18:26:00+00:00,60.6349983215332,9.633333333333333,2026-07-15 17:51:00+00:00,61.810001373291016,time,1405.0,39.905444226775224,0.01937829775350286,0.7732995802122531,4789.4266067932385,neutral,low
PVLA,small,"8.01,9.01",low,2026-07-14 16:48:25-04:00,2026-07-15 13:30:00+00:00,146.77000427246094,1001.5833333333334,2026-07-15 19:26:00+00:00,152.4199981689453,time,356.0,39.905444226775224,0.038495562662762106,1.5361825288171858,4790.962789322056,neutral,low
SRXH,small,"7.01,9.01",low,2026-07-15 15:45:14-04:00,2026-07-15 19:47:00+00:00,2.25,1.7666666666666666,2026-07-15 22:39:00+00:00,2.195,time,172.0,39.92468991101714,-0.02444444444444449,-0.9759368644915369,4789.986852457564,neutral,low
MAIN,mid,"2.02,9.01",low,2026-07-16 09:15:53-04:00,2026-07-16 13:30:00+00:00,53.68000030517578,14.116666666666667,2026-07-16 15:41:00+00:00,54.94499969482422,time,131.0,39.91655710381305,0.023565562266333773,0.9406561118875771,4790.927508569452,positive,low
PROF,micro,"7.01,9.01",low,2026-07-15 08:00:32-04:00,2026-07-15 13:30:00+00:00,7.159999847412109,89.46666666666667,2026-07-16 17:55:00+00:00,7.01200008392334,time,1705.0,39.905444226775224,-0.020670358469667027,-0.8248598370587459,4790.1026487323925,neutral,low
CCRN,small,"5.07,9.01",low,2026-07-17 08:19:25-04:00,2026-07-17 13:30:00+00:00,13.25,70.58333333333333,2026-07-17 17:21:00+00:00,13.25,time,231.0,39.917522072769955,0.0,0.0,4790.1026487323925,positive,low
WAFD,mid,"2.02,9.01",low,2026-07-17 13:03:27-04:00,2026-07-17 17:06:00+00:00,38.16999816894531,2.55,2026-07-17 19:26:00+00:00,38.029998779296875,time,140.0,39.91752207276995,-0.0036677861242954135,-0.1464089335747616,4789.9562397988175,positive,low
BNAI,micro,"5.02,9.01",low,2026-07-17 12:10:15-04:00,2026-07-17 16:12:00+00:00,11.75,1.75,2026-07-20 08:26:00+00:00,11.73,time,3854.0,39.91752207276995,-0.0017021276595744483,-0.06794471842173522,4789.888295080395,neutral,low
PLCE,micro,"5.02,9.01",low,2026-07-17 16:30:32-04:00,2026-07-20 13:30:00+00:00,2.994999885559082,3899.4666666666667,2026-07-20 14:03:00+00:00,2.690000057220459,stop,33.0,39.91630199832348,-0.10183634056523116,-4.064930124405883,4785.82336495599,neutral,low
SSII,small,"5.02,9.01",low,2026-07-14 08:35:22-04:00,2026-07-14 13:30:00+00:00,3.700000047683716,54.63333333333333,2026-07-20 14:55:00+00:00,3.5899999141693115,time,8725.0,39.900746144240436,-0.029729765431561805,-1.1862398234125564,4784.637125132577,neutral,low
ESI,mid,"7.01,9.01",low,2026-07-20 08:25:44-04:00,2026-07-20 13:30:00+00:00,37.91999816894531,64.26666666666667,2026-07-20 15:30:00+00:00,37.3849983215332,time,120.0,39.91573579233664,-0.014108646446355788,-0.5631570039402263,4784.073968128637,neutral,low
AFBI,micro,5.07,low,2026-07-07 16:41:43-04:00,2026-07-08 14:41:00+00:00,22.670000076293945,1079.2833333333333,2026-07-20 16:11:00+00:00,22.829999923706055,time,17370.0,39.974566778305906,0.007057778865180664,0.28213165255267114,4784.356099781189,neutral,low
AFBI,micro,"8.01,9.01",low,2026-07-17 17:04:29-04:00,2026-07-20 13:30:00+00:00,22.760000228881836,3865.516666666667,2026-07-20 18:17:00+00:00,22.829999923706055,time,287.0,39.91630199832348,0.0030755577381493815,0.12276489148925407,4784.478864672678,positive,low
FNWD,micro,8.01,low,2026-07-06 16:45:19-04:00,2026-07-07 13:37:00+00:00,36.9900016784668,1011.6833333333333,2026-07-20 20:04:00+00:00,36.625,time,19107.0,39.97377930486759,-0.00986757669381988,-0.3944443330326095,4784.0844203396455,positive,low
SSII,small,"8.01,9.01",low,2026-07-17 09:29:40-04:00,2026-07-17 13:34:00+00:00,3.6700000762939453,4.333333333333333,2026-07-21 09:47:00+00:00,3.8902000808715824,target,5533.0,39.917522072769955,0.06000000000000005,2.3950513243662,4786.479471664012,neutral,low
BSET,micro,"8.01,9.01",low,2026-07-17 09:32:01-04:00,2026-07-17 13:41:00+00:00,22.059999465942383,8.983333333333333,2026-07-21 13:57:00+00:00,20.8799991607666,time,5776.0,39.917522072769955,-0.05349049563657249,-2.1352080402562805,4784.344263623755,neutral,low
IPW,small,"1.01,8.01,9.01",medium,2026-07-21 10:30:14-04:00,2026-07-21 14:32:00+00:00,1.0499000549316406,1.7666666666666666,2026-07-21 14:33:00+00:00,0.9275000095367432,stop,1.0,39.86953553019798,-0.11658256880733942,-4.648092869265966,4779.696170754489,trap,medium
TEX,mid,"8.01,9.01",low,2026-07-21 10:09:14-04:00,2026-07-21 14:11:00+00:00,64.01499938964844,1.7666666666666666,2026-07-21 16:36:00+00:00,65.33999633789062,time,145.0,39.86953553019798,0.02069822636687313,0.8252286715461281,4780.521399426035,neutral,low
FSBC,small,"7.01,9.01",low,2026-07-20 14:06:20-04:00,2026-07-20 18:28:00+00:00,48.63999938964844,21.666666666666668,2026-07-21 18:05:00+00:00,49.70500183105469,time,1417.0,39.869634164843255,0.021895609678665107,0.8729699477045756,4781.394369373739,neutral,low
MLI,mid,"2.02,9.01",low,2026-07-21 12:09:15-04:00,2026-07-21 16:11:00+00:00,60.650001525878906,1.75,2026-07-21 18:14:00+00:00,61.83000183105469,time,123.0,39.830801422954096,0.01945589901877054,0.7749440503216931,4782.169313424061,positive,low
SLNG,micro,"4.01,9.01",low,2026-07-10 12:05:27-04:00,2026-07-10 18:34:00+00:00,3.9600000381469727,148.55,2026-07-21 19:06:00+00:00,3.859999895095825,time,15872.0,39.928783647369,-0.02525256113329255,-1.0083040500331961,4781.161009374028,neutral,low
OSBC,small,8.01,low,2026-07-21 11:00:08-04:00,2026-07-21 15:02:00+00:00,23.5,1.8666666666666667,2026-07-21 19:13:00+00:00,23.649999618530273,time,251.0,39.830801422954096,0.006382962490649957,0.2542385114552417,4781.415247885483,neutral,low
FATN,micro,"8.01,9.01",medium,2026-07-21 10:37:34-04:00,2026-07-21 14:46:00+00:00,4.599999904632568,8.433333333333334,2026-07-22 15:12:00+00:00,4.760000228881836,time,1466.0,39.8308014229541,0.03478267990573958,1.385422016283691,4782.800669901767,positive,medium
AXTA,mid,"1.01,8.01,9.01",low,2026-07-23 09:04:24-04:00,2026-07-23 13:30:00+00:00,31.979999542236328,25.6,2026-07-23 15:43:00+00:00,32.15999984741211,time,133.0,39.856672249181415,0.005628527446914111,0.22433437369718234,4783.025004275464,positive,low
BPOP,mid,"5.02,7.01,9.01",low,2026-07-23 08:08:30-04:00,2026-07-23 13:30:00+00:00,175.1199951171875,81.5,2026-07-23 16:05:00+00:00,171.19000244140625,time,155.0,39.856672249181415,-0.022441713027409382,-0.8944520008436356,4782.130552274621,neutral,low
BPOP,mid,"8.01,9.01",low,2026-07-23 08:10:48-04:00,2026-07-23 13:30:00+00:00,175.1199951171875,79.2,2026-07-23 16:05:00+00:00,171.19000244140625,time,155.0,39.856672249181415,-0.022441713027409382,-0.8944520008436356,4781.236100273777,positive,low
MNSB,micro,8.01,low,2026-07-21 09:32:16-04:00,2026-07-21 13:42:00+00:00,24.170000076293945,9.733333333333333,2026-07-23 18:54:00+00:00,22.809999465942383,time,3192.0,39.887328930533464,-0.05626812602642306,-2.2443852511206472,4778.9917150226565,neutral,low
HTB,small,"2.02,7.01,9.01",low,2026-07-23 08:05:34-04:00,2026-07-23 13:30:00+00:00,47.66999816894531,84.43333333333334,2026-07-23 20:10:00+00:00,48.48,time,400.0,39.856672249181415,0.016991857817656886,0.6772389079430425,4779.6689539306,neutral,low
AROW,small,"2.02,7.01,8.01,9.01",low,2026-07-23 07:29:51-04:00,2026-07-23 13:30:00+00:00,40.23500061035156,120.15,2026-07-24 12:00:00+00:00,39.1,time,1350.0,39.856672249181415,-0.02820928527734512,-1.1243282376828034,4778.544625692917,neutral,low
FCFS,mid,"2.02,8.01,9.01",medium,2026-07-23 15:26:57-04:00,2026-07-23 19:28:00+00:00,191.94000244140625,1.05,2026-07-24 13:36:00+00:00,203.45640258789064,target,1088.0,39.82493095852215,0.06000000000000005,2.389495857511335,4780.934121550428,positive,medium
LASE,micro,"4.01,9.01",medium,2026-07-24 14:10:02-04:00,2026-07-24 18:14:00+00:00,1.090000033378601,3.966666666666667,2026-07-24 22:31:00+00:00,1.1,time,257.0,39.8411176795869,0.009174281023095698,0.36551360986675974,4781.299635160295,trap,medium
FATN,micro,"7.01,9.01",medium,2026-07-23 11:23:35-04:00,2026-07-23 15:28:00+00:00,4.675000190734863,4.416666666666667,2026-07-27 11:44:00+00:00,4.0,stop,5536.0,39.856672249181415,-0.1443850616461173,-5.75470807970715,4775.5449270805875,trap,medium
PROF,micro,"7.01,9.01",low,2026-07-24 11:58:37-04:00,2026-07-24 16:03:00+00:00,7.019999980926514,4.383333333333334,2026-07-27 13:40:00+00:00,7.4411999797821045,target,4177.0,39.8411176795869,0.06000000000000005,2.390467060775215,4777.935394141363,positive,low
ARCB,small,"8.01,9.01",low,2026-07-24 11:07:30-04:00,2026-07-24 15:09:00+00:00,153.32000732421875,1.5,2026-07-27 14:28:00+00:00,146.13250732421875,time,4279.0,39.84111767958691,-0.0468790742019789,-1.8677147119911268,4776.067679429371,neutral,low
JMSB,micro,"2.02,9.01",low,2026-07-22 08:40:12-04:00,2026-07-22 13:30:00+00:00,22.889999389648438,49.8,2026-07-27 15:00:00+00:00,22.93000030517578,time,7290.0,39.845127065712376,0.0017475280294430018,0.06963047638404873,4776.1373099057555,positive,low
JMSB,micro,"8.01,9.01",low,2026-07-22 08:45:14-04:00,2026-07-22 13:30:00+00:00,22.889999389648438,44.766666666666666,2026-07-27 15:00:00+00:00,22.93000030517578,time,7290.0,39.845127065712376,0.0017475280294430018,0.06963047638404873,4776.20694038214,positive,low
NKSH,micro,2.02,low,2026-07-23 16:30:14-04:00,2026-07-24 13:42:00+00:00,36.290000915527344,1031.7666666666667,2026-07-27 15:05:00+00:00,38.46740097045899,target,4403.0,39.83057461608834,0.06000000000000005,2.389834476965305,4778.596774859105,positive,low
AUB,mid,"8.01,9.01",low,2026-07-27 08:50:39-04:00,2026-07-27 13:30:00+00:00,42.529998779296875,39.35,2026-07-27 15:45:00+00:00,42.380001068115234,time,135.0,39.796207725671565,-0.0035268684572513642,-0.14035598974589192,4778.4564188693585,neutral,low
NGS,small,"1.01,3.03,5.03,8.01,9.01",low,2026-07-24 15:03:43-04:00,2026-07-24 19:05:00+00:00,36.150001525878906,1.2833333333333334,2026-07-27 16:31:00+00:00,36.560001373291016,time,4166.0,39.8411176795869,0.011341627388828712,0.4518631114763565,4778.9082819808345,neutral,low
NHI,mid,"5.02,9.01",low,2026-07-27 09:02:00-04:00,2026-07-27 13:30:00+00:00,80.04000091552734,28.0,2026-07-27 16:48:00+00:00,79.41999816894531,time,198.0,39.796207725671565,-0.00774616116304605,-0.30826783872111463,4778.600014142114,positive,low
CIVB,small,"7.01,9.01",low,2026-07-24 07:00:18-04:00,2026-07-24 13:30:00+00:00,28.854999542236328,149.7,2026-07-27 17:10:00+00:00,28.4950008392334,time,4540.0,39.83057461608834,-0.012476129222458776,-0.49693139591510516,4778.103082746198,positive,low
CARE,small,"7.01,9.01",low,2026-07-27 11:24:16-04:00,2026-07-27 15:26:00+00:00,34.33000183105469,1.7333333333333334,2026-07-27 19:09:00+00:00,34.150001525878906,time,223.0,39.82163979049254,-0.005243236107635552,-0.20879425961476983,4777.894288486584,neutral,low
BMRC,small,"2.02,7.01,8.01,9.01",low,2026-07-27 08:33:53-04:00,2026-07-27 13:30:00+00:00,29.979999542236328,56.11666666666667,2026-07-27 19:32:00+00:00,30.649999618530273,time,362.0,39.796207725671565,0.022348235040832387,0.889375003987098,4778.783663490571,positive,low
LKFN,small,"2.02,9.01",low,2026-07-27 07:00:05-04:00,2026-07-27 13:30:00+00:00,61.36000061035156,149.91666666666666,2026-07-27 19:55:00+00:00,63.31999969482422,time,385.0,39.84416362633579,0.03194261839922463,1.2727269141523152,4780.056390404723,positive,low
LKFN,small,"7.01,9.01",low,2026-07-27 07:00:19-04:00,2026-07-27 13:30:00+00:00,61.36000061035156,149.68333333333334,2026-07-27 19:55:00+00:00,63.31999969482422,time,385.0,39.84416362633579,0.03194261839922463,1.2727269141523152,4781.329117318875,positive,low
PEBO,small,"2.02,9.01",low,2026-07-27 13:35:38-04:00,2026-07-27 17:39:00+00:00,40.56999969482422,3.3666666666666667,2026-07-28 14:42:00+00:00,41.400001525878906,time,1263.0,39.81752568955166,0.0204585121345362,0.8146073324868937,4782.143724651362,neutral,low
FRAF,micro,"2.02,9.01",low,2026-07-24 07:45:27-04:00,2026-07-24 13:30:00+00:00,61.91999816894531,104.55,2026-07-28 15:57:00+00:00,64.33999633789062,time,5907.0,39.83057461608834,0.039082658922929614,1.5566847624248794,4783.700409413787,neutral,low
FRAF,micro,"7.01,9.01",low,2026-07-24 08:00:23-04:00,2026-07-24 13:30:00+00:00,61.91999816894531,89.61666666666666,2026-07-28 15:57:00+00:00,64.33999633789062,time,5907.0,39.82120521410765,0.039082658922929614,1.5563185812829587,4785.25672799507,neutral,low
CNOB,small,"8.01,9.01",low,2026-07-28 07:01:10-04:00,2026-07-28 13:30:00+00:00,32.9900016784668,148.83333333333334,2026-07-28 16:46:00+00:00,33.290000915527344,time,196.0,39.844409310990635,0.009093641157840837,0.362330760420285,4785.61905875549,neutral,low
AMIX,micro,8.01,medium,2026-07-28 11:36:42-04:00,2026-07-28 15:39:00+00:00,2.680000066757202,2.3,2026-07-28 17:16:00+00:00,2.8408000707626346,target,97.0,39.851197705428014,0.06000000000000005,2.3910718623256884,4788.010130617816,trap,medium
CAG,mid,"1.01,2.03,8.01,9.01",low,2026-07-28 13:55:09-04:00,2026-07-28 17:57:00+00:00,15.539999961853027,1.85,2026-07-28 19:57:00+00:00,15.399999618530273,time,120.0,39.90008442181513,-0.009009031123965339,-0.3594611024049783,4787.650669515411,neutral,low
DIOD,mid,"5.02,7.01,9.01",low,2026-07-28 13:00:14-04:00,2026-07-28 17:03:00+00:00,81.16000366210938,2.7666666666666666,2026-07-29 13:34:00+00:00,79.88999938964844,time,1231.0,39.88015882296243,-0.01564815444992218,-0.6240508847491384,4787.026618630662,neutral,low
CAC,small,"2.02,9.01",low,2026-07-28 08:05:37-04:00,2026-07-28 13:30:00+00:00,55.869998931884766,84.38333333333334,2026-07-29 14:01:00+00:00,57.88999938964844,time,1471.0,39.84440931099063,0.03615536954325704,1.440589342871661,4788.467207973534,positive,low
WAFD,mid,"7.01,9.01",low,2026-07-28 15:33:32-04:00,2026-07-28 19:36:00+00:00,36.72999954223633,2.466666666666667,2026-07-29 15:24:00+00:00,36.79999923706055,time,1188.0,39.90008442181513,0.0019057907894532988,0.07604121338950165,4788.543249186923,neutral,low
ARCB,small,"2.02,9.01",low,2026-07-29 02:00:41-04:00,2026-07-29 13:30:00+00:00,148.21499633789062,449.31666666666666,2026-07-29 16:27:00+00:00,138.3800048828125,time,177.0,39.89708891262842,-0.06635625070392315,-2.6474212342430903,4785.8958279526805,positive,low
JMSB,micro,"7.01,9.01",low,2026-07-28 09:00:15-04:00,2026-07-28 13:41:00+00:00,23.43000030517578,40.75,2026-07-29 18:51:20+00:00,23.614999771118164,time,1750.3333333333333,39.84440931099063,0.007895837111940418,0.31460496574106855,4786.210432918421,neutral,low
RMBI,micro,"2.02,9.01",low,2026-07-27 17:06:37-04:00,2026-07-28 13:43:00+00:00,15.454999923706055,996.3833333333333,2026-07-29 19:03:29+00:00,15.470000267028809,time,1760.4833333333333,39.844409310990635,0.000970581908560586,0.03867226283453107,4786.249105181256,neutral,low
USCB,small,"7.01,9.01",low,2026-07-28 13:46:36-04:00,2026-07-28 17:48:00+00:00,22.9950008392334,1.4,2026-07-29 19:09:38+00:00,22.350000381469727,time,1521.6333333333334,39.90008442181513,-0.028049594878169826,-1.1191812036366855,4785.129923977619,neutral,low
