ticker,direction,move,move_date,last_close,median_dollars,n_filings,forms,has_8k,has_offering,has_merger,has_13d,has_insider,bearish_item,bullish_item,scheduled_item,no_filing
AAOI,down,-0.31690770455131334,2026-07-23,76.5199966430664,1001806564.956665,6,"144,4",False,False,False,False,True,False,False,False,False
AAON,down,-0.2118313288813889,2026-07-23,84.87000274658203,94761182.09381104,-1,,False,False,False,False,False,False,False,False,False
AARD,up,0.5199999809265137,2026-07-10,5.320000171661377,1191024.0035057068,2,"ARS,DEF 14A",False,False,False,False,False,False,False,False,False
AARD,down,-0.21578945882432665,2026-07-13,5.320000171661377,1191024.0035057068,2,"ARS,DEF 14A",False,False,False,False,False,False,False,False,False
AAUC,down,-0.2148455386202035,2026-07-22,17.030000686645508,11722927.487945557,-1,,False,False,False,False,False,False,False,False,False
ABSI,down,-0.2824760810255649,2026-07-09,6.900000095367432,47063686.68308258,1,4,False,False,False,False,True,False,False,False,False
ABTC,down,-0.23203767294474198,2026-07-07,5.190000057220459,8896185.970592499,1,8-K,True,False,False,False,False,False,True,False,False
ACDC,down,-0.28656127748634064,2026-07-22,3.609999895095825,6884748.150444031,0,,False,False,False,False,False,False,False,False,True
ACHC,down,-0.21362848357113584,2026-07-22,27.350000381469727,94181158.8558197,0,,False,False,False,False,False,False,False,False,True
ACMR,down,-0.2704725562136179,2026-07-22,65.30000305175781,123875929.06951904,0,,False,False,False,False,False,False,False,False,True
ACI,down,-0.21643840537820047,2026-07-23,12.0600004196167,101703366.46938324,2,8-K,True,False,False,False,False,False,False,True,False
ACU,up,0.305010883106543,2026-07-22,59.900001525878906,616968.0221557617,1,8-K,True,False,False,False,False,False,True,False,False
ADBE,up,0.24159869420378177,2026-07-23,263.42999267578125,1285690244.8913574,9,"4,8-K",True,False,False,False,True,False,False,False,False
ADTN,down,-0.2578253728108403,2026-07-21,8.329999923706055,19973169.249343872,1,S-3ASR,False,True,False,False,False,False,False,False,False
ADSK,up,0.20515970515970516,2026-07-22,245.25,471493515.03448486,0,,False,False,False,False,False,False,False,False,True
ADUR,down,-0.20817842526265629,2026-07-09,12.670000076293945,7117739.730834961,-1,,False,False,False,False,False,False,False,False,False
AEHR,up,0.2785677725146527,2026-07-21,65.4000015258789,171957232.15026855,8,"144,4,8-K",True,False,False,False,True,False,False,True,False
AEHR,down,-0.30083385839455645,2026-07-22,65.4000015258789,171957232.15026855,5,"144,4",False,False,False,False,True,False,False,False,False
AESI,down,-0.3003436308091464,2026-07-22,10.180000305175781,41888341.39251709,-1,,False,False,False,False,False,False,False,False,False
AGEN,up,0.8268656894873345,2026-07-13,6.630000114440918,7468422.023820877,4,"4,8-K",True,False,False,False,True,True,True,True,False
AGL,down,-0.24522487088671385,2026-07-17,92.66000366210938,37875864.11743164,0,,False,False,False,False,False,False,False,False,True
AGPU,up,0.26783117659952493,2026-07-20,7.019999980926514,1621853.9917945862,1,S-3/A,False,True,False,False,False,False,False,False,False
AGPU,down,-0.2547169641567405,2026-07-22,7.019999980926514,1621853.9917945862,2,"8-K,S-3/A",True,True,False,False,False,False,True,False,False
AGX,down,-0.20361020881340952,2026-07-09,492.3500061035156,201308647.35717773,1,4,False,False,False,False,True,False,False,False,False
AIRJ,up,0.22015913207035998,2026-07-22,4.019999980926514,5312043.906402588,0,,False,False,False,False,False,False,False,False,True
AIRO,down,-0.2049934185821244,2026-07-06,6.244999885559082,2480733.050107956,0,,False,False,False,False,False,False,False,False,True
AIXI,down,-0.21428567005221055,2026-07-20,1.190000057220459,366659.99722480774,0,,False,False,False,False,False,False,False,False,True
AKAN,down,-0.28376698533019584,2026-07-23,5.78000020980835,318207.99827575684,-1,,False,False,False,False,False,False,False,False,False
ALAB,down,-0.26478922386683434,2026-07-10,249.74000549316406,1583262661.2976074,3,4,False,False,False,False,True,False,False,False,False
AKTX,up,0.42018349394434296,2026-07-07,8.25,575639.9917602539,2,"8-K,S-3",True,True,False,False,False,False,False,False,False
AKTX,down,-0.3073770474328609,2026-07-14,8.25,575639.9917602539,4,"EFFECT,S-3/A",False,True,False,False,False,False,False,False,False
ALDX,down,-0.2521738851002794,2026-07-09,1.6100000143051147,2735543.9656734467,0,,False,False,False,False,False,False,False,False,True
ALAR,down,-0.514960634651494,2026-07-06,1.7000000476837158,528727.9714584351,3,6-K,False,False,False,False,False,False,False,False,False
ALGS,up,0.24220187483627864,2026-07-01,4.25,452496.01798057556,8,"4,8-K,SCHEDULE 13D",True,False,False,True,True,False,False,False,False
ALGS,down,-0.28919859122028113,2026-07-17,4.25,452496.01798057556,0,,False,False,False,False,False,False,False,False,True
ALEC,down,-0.2797927339527152,2026-07-07,1.5199999809265137,913615.9805297852,0,,False,False,False,False,False,False,False,False,True
ALIT,up,0.2258928371479314,2026-07-01,20.290000915527344,16258125.0,1,8-K,True,False,False,False,False,False,True,False,False
ALM,down,-0.23372989233757724,2026-07-22,10.949999809265137,77773500.0,2,6-K,False,False,False,False,False,False,False,False,False
ALTO,down,-0.20547949567613222,2026-07-17,4.360000133514404,12288882.135486603,0,,False,False,False,False,False,False,False,False,True
AMAT,down,-0.22450244905196504,2026-07-23,436.45001220703125,4732900066.174316,0,,False,False,False,False,False,False,False,False,True
AMCI,up,0.23721888669149416,2026-07-06,4.329999923706055,1104564.0042304993,0,,False,False,False,False,False,False,False,False,True
AMBA,down,-0.20000002960955066,2026-07-10,69.19000244140625,112845632.27844238,2,"144,4",False,False,False,False,True,False,False,False,False
AMD,down,-0.22227656606119206,2026-07-22,429.55999755859375,14572749556.121826,2,"144,4",False,False,False,False,True,False,False,False,False
AMBQ,down,-0.2616377038268176,2026-07-22,57.2599983215332,44327375.20751953,0,,False,False,False,False,False,False,False,False,True
AMC,up,0.2680412193758104,2026-07-20,2.75,101824883.22930336,1,8-K,True,False,False,False,False,False,False,True,False
AMKR,down,-0.2474057104969587,2026-07-28,42.72999954223633,372513420.0515747,4,"10-Q,4,8-K",True,False,False,False,True,False,False,True,False
AMPG,down,-0.2874806363204149,2026-07-22,4.610000133514404,15620599.685907364,2,"25-NSE,8-K",True,False,False,False,False,False,True,False,False
AMSC,down,-0.20239526429340726,2026-07-22,26.639999389648438,29476249.808120728,-1,,False,False,False,False,False,False,False,False,False
ANAB,down,-0.2796160625372126,2026-07-13,52.13999938964844,42496600.0,1,144,False,False,False,False,True,False,False,False,False
AMTX,down,-0.2378378657026824,2026-07-23,1.409999966621399,1668655.4433345795,0,,False,False,False,False,False,False,False,False,True
ANNA,up,0.24817520598190468,2026-07-06,2.8399999141693115,612865.9806251526,1,8-K,True,False,False,False,False,False,False,False,False
ANNA,down,-0.2324324655219353,2026-07-22,2.8399999141693115,612865.9806251526,0,,False,False,False,False,False,False,False,False,True
ANY,up,0.3496932847359233,2026-07-21,2.059999942779541,514414.9791240692,1,SCHEDULE 13G,False,False,False,False,False,False,False,False,False
ANY,down,-0.266409251303961,2026-07-06,2.059999942779541,514414.9791240692,1,PRE 14A,False,False,False,False,False,False,False,False,False
APLD,down,-0.22805853150768107,2026-07-22,23.219999313354492,608272645.5932617,0,,False,False,False,False,False,False,False,False,True
APPS,down,-0.23015164272314592,2026-07-09,8.119999885559082,29917620.99456787,1,4,False,False,False,False,True,False,False,False,False
ARI,down,-0.33396584380135674,2026-07-16,6.599999904632568,37705646.86021805,2,"8-K,PREM14A",True,False,False,False,False,False,False,False,False
ARM,down,-0.20645728922706852,2026-07-22,224.88999938964844,2088980715.3305054,-1,,False,False,False,False,False,False,False,False,False
ARMP,up,0.38829782006156655,2026-07-16,4.570000171661377,705167.992401123,3,"4,8-K,S-8",True,False,False,False,True,False,False,True,False
ARMP,down,-0.27674018243676746,2026-07-02,4.570000171661377,705167.992401123,0,,False,False,False,False,False,False,False,False,True
ASBP,up,0.2847682579291151,2026-07-15,5.610000133514404,389087.01100349426,0,,False,False,False,False,False,False,False,False,True
ASBP,down,-0.22567284718714775,2026-07-29,5.610000133514404,389087.01100349426,0,,False,False,False,False,False,False,False,False,True
ARWR,up,0.23503198726182184,2026-07-15,86.22000122070312,163450875.0,0,,False,False,False,False,False,False,False,False,True
ASPI,down,-0.23323616173612105,2026-07-09,3.5399999618530273,21326517.708969116,2,4,False,False,False,False,True,False,False,False,False
ASPN,down,-0.22975514187162804,2026-07-22,4.090000152587891,4926867.054319382,-1,,False,False,False,False,False,False,False,False,False
ASTI,down,-0.25178145681112607,2026-07-09,2.7899999618530273,1605492.0142650604,7,4,False,False,False,False,True,False,False,False,False
ASX,down,-0.2314151753719612,2026-07-22,31.1200008392334,433371446.6732025,-1,,False,False,False,False,False,False,False,False,False
ATOM,down,-0.22750865216042282,2026-07-22,4.465000152587891,4593952.1156311035,0,,False,False,False,False,False,False,False,False,True
ATRC,up,0.23909089059540722,2026-07-23,40.88999938964844,29221443.128204346,1,8-K,True,False,False,False,False,False,False,True,False
ATRA,down,-0.21637429020513288,2026-07-07,8.0600004196167,594080.0071716309,1,3,False,False,False,False,True,False,False,False,False
AUGO,down,-0.20995134106906366,2026-07-06,54.5,47796661.07940674,11,"144,4",False,False,False,False,True,False,False,False,False
AUUD,down,-0.2148148710672083,2026-07-16,1.059999942779541,251621.9980955124,-1,,False,False,False,False,False,False,False,False,False
AVAV,down,-0.2426004385073357,2026-07-02,142.1199951171875,235881626.19628906,1,S-8,False,False,False,False,False,False,False,False,False
AVTR,up,0.3132420424586264,2026-07-22,14.380000114440918,100021712.56828308,1,8-K,True,False,False,False,False,False,True,False,False
AXTI,down,-0.3021894764036347,2026-07-22,36.970001220703125,444286792.1066284,1,8-K,True,False,False,False,False,False,False,False,False
BATL,up,0.2535211444965224,2026-07-07,1.5199999809265137,15937369.518339634,2,8-K,True,False,False,False,False,False,True,True,False
BBIO,up,0.21001076530959617,2026-07-01,83.54000091552734,200612958.19854736,15,"144,4,8-K",True,False,False,False,True,False,False,False,False
BCTX,up,0.2085889781430863,2026-07-02,3.4000000953674316,376959.9884033203,1,8-K,True,False,False,False,False,False,False,True,False
BE,down,-0.26261822510187527,2026-07-21,163.75,3593080733.8928223,0,,False,False,False,False,False,False,False,False,True
BEAM,down,-0.20742602927071974,2026-07-09,26.020000457763672,76634006.5486908,1,4,False,False,False,False,True,False,False,False,False
BGDE,down,-0.32303729191842023,2026-07-09,4.71999979019165,647240.9984111786,3,"4,8-K,SCHEDULE 13D/A",True,False,False,True,True,True,True,True,False
BIVI,down,-0.2775330398789212,2026-07-13,1.2599999904632568,341249.98450279236,0,,False,False,False,False,False,False,False,False,True
BIYA,up,1.1606218599083276,2026-07-27,5.829999923706055,3853840.0959968567,1,F-3,False,True,False,False,False,False,False,False,False
BIYA,down,-0.2834395143854097,2026-07-06,5.829999923706055,3853840.0959968567,1,6-K,False,False,False,False,False,False,False,False,False
BLKB,up,0.36416559511960567,2026-07-22,42.18000030517578,20555616.050720215,0,,False,False,False,False,False,False,False,False,True
BLZE,down,-0.24886363747198714,2026-07-10,11.380000114440918,33854310.42203903,0,,False,False,False,False,False,False,False,False,True
BNAI,down,-0.21495320994312184,2026-07-06,11.619999885559082,3249567.947769165,5,"8-K,8-K/A,D",True,False,False,False,False,True,True,True,False
BRR,up,0.4295302689985603,2026-07-08,1.6699999570846558,925100.0304222107,2,4,False,False,False,False,True,False,False,False,False
BSIN,up,0.23893803722642382,2026-07-10,1.1200000047683716,2322336.024427414,0,,False,False,False,False,False,False,False,False,True
BTDR,down,-0.27406203487958736,2026-07-22,8.899999618530273,124502048.64263535,1,6-K,False,False,False,False,False,False,False,False,False
BTBT,down,-0.22435892145544156,2026-07-22,1.2100000381469727,42037530.23040295,1,DEFA14A,False,False,False,False,False,False,False,False,False
BW,down,-0.27883743032157615,2026-07-23,7.940000057220459,42325798.98452759,0,,False,False,False,False,False,False,False,False,True
BWEN,up,0.22355777386730535,2026-07-07,3.490000009536743,1600984.9685192108,3,4,False,False,False,False,True,False,False,False,False
BWEN,down,-0.3262548020863375,2026-07-23,3.490000009536743,1600984.9685192108,0,,False,False,False,False,False,False,False,False,True
BXBL,up,0.2639593773475002,2026-07-27,4.980000019073486,706515.0134086609,10,"3,8-K,S-3,S-3/A,SCHEDULE 13D,SCHEDULE 13G/A",True,True,False,True,True,True,True,True,False
BZUN,up,0.2520324698962628,2026-07-23,3.0799999237060547,629300.0206947327,0,,False,False,False,False,False,False,False,False,True
BYRN,up,0.29874214708821567,2026-07-20,4.329999923706055,3715937.959957123,1,4,False,False,False,False,True,False,False,False,False
BYRN,down,-0.33670033345687755,2026-07-09,4.329999923706055,3715937.959957123,3,"10-Q,8-K",True,False,False,False,False,False,True,True,False
CABO,down,-0.3377769138324609,2026-07-01,41.849998474121094,9438351.641845703,0,,False,False,False,False,False,False,False,False,True
CAMP,down,-0.28314602383157206,2026-07-14,3.2699999809265137,697640.034198761,-1,,False,False,False,False,False,False,False,False,False
CAPR,down,-0.6446700645226003,2026-07-27,6.570000171661377,32411575.0,0,,False,False,False,False,False,False,False,False,True
CBUS,up,0.2133333683013916,2026-07-08,1.940000057220459,369097.99213409424,0,,False,False,False,False,False,False,False,False,True
CBUS,down,-0.22175735034970223,2026-07-14,1.940000057220459,369097.99213409424,0,,False,False,False,False,False,False,False,False,True
CBZ,up,0.3639751931895381,2026-07-23,54.900001525878906,30610100.0,0,,False,False,False,False,False,False,False,False,True
CDNA,up,0.35596639168362665,2026-07-16,35.40999984741211,24983721.457099915,2,144,False,False,False,False,True,False,False,False,False
CD,down,-0.2913752939662204,2026-07-06,2.8499999046325684,726671.0182905197,0,,False,False,False,False,False,False,False,False,True
CECO,down,-0.26888291471591974,2026-07-22,59.81999969482422,63121055.78613281,1,4,False,False,False,False,True,False,False,False,False
CDZI,down,-0.2272727223467237,2026-07-10,2.9800000190734863,3546091.9286966324,0,,False,False,False,False,False,False,False,False,True
CDXS,down,-0.2562814010146568,2026-07-24,1.4700000286102295,1763809.9422454834,4,"424B5,8-K,SCHEDULE 13G/A",True,True,False,False,False,False,True,True,False
CELC,down,-0.22218307414385408,2026-07-09,83.26000213623047,115795472.40142822,0,,False,False,False,False,False,False,False,False,True
CEPL,down,-0.3153846012770066,2026-07-22,7.119999885559082,3072183.9121818542,0,,False,False,False,False,False,False,False,False,True
CEVA,down,-0.25511734574020883,2026-07-22,29.84000015258789,27190317.874145508,0,,False,False,False,False,False,False,False,False,True
CHRN,up,0.28770095028401754,2026-07-15,18.520000457763672,7566450.0,3,"4,S-3/A,S-8",False,True,False,False,True,False,False,False,False
CHRN,down,-0.2061206149972029,2026-07-01,18.520000457763672,7566450.0,8,"3,4,8-K,8-K/A,8-K12B,S-3,SCHEDULE 13D/A",True,True,False,True,True,True,True,False,False
CIFR,up,0.4571106487213714,2026-07-16,17.690000534057617,531167814.47906494,2,"144,4",False,False,False,False,True,False,False,False,False
CIFR,down,-0.31487216331750423,2026-07-23,17.690000534057617,531167814.47906494,0,,False,False,False,False,False,False,False,False,True
CLF,up,0.3641426085139119,2026-07-20,11.380000114440918,192645595.5602646,0,,False,False,False,False,False,False,False,False,True
CLRO,up,1.0124223482911865,2026-07-02,4.5,647087.9762649536,1,8-K,True,False,False,False,False,False,True,False,False
CLRO,down,-0.26589597287595923,2026-07-08,4.5,647087.9762649536,2,8-K,True,False,False,False,False,False,True,False,False
CLW,up,0.23415193191756734,2026-07-29,21.610000610351562,2545279.9407958984,2,"10-Q,8-K",True,False,False,False,False,False,False,True,False
CLSK,up,0.21007752854923956,2026-07-16,12.010000228881836,288785390.84978104,3,"8-K,SCHEDULE 13G,SCHEDULE 13G/A",True,False,False,False,False,False,True,True,False
CLSK,down,-0.23062136495662855,2026-07-23,12.010000228881836,288785390.84978104,1,SCHEDULE 13G,False,False,False,False,False,False,False,False,False
CMRC,up,0.2667945981397677,2026-07-23,3.299999952316284,1482505.510854721,0,,False,False,False,False,False,False,False,False,True
CNMD,up,0.2738910604688001,2026-07-08,43.209999084472656,25605432.653045654,4,"3,4",False,False,False,False,True,False,False,False,False
CNTN,down,-0.22108846350906408,2026-07-01,1.9299999475479126,1632999.9661445618,0,,False,False,False,False,False,False,False,False,True
CNXC,up,0.22174543052643814,2026-07-09,26.559999465942383,39740221.365737915,3,"10-Q,4,SCHEDULE 13G/A",False,False,False,False,True,False,False,False,False
CODX,down,-0.3088235328491722,2026-07-28,1.5099999904632568,430584.0171098709,3,"424B5,8-K,DEF 14A",True,True,False,False,False,False,True,False,False
COHR,down,-0.2910733599822206,2026-07-23,222.0500030517578,1528525606.0073853,1,144,False,False,False,False,True,False,False,False,False
CORZ,down,-0.2437395020195925,2026-07-23,18.1200008392334,251944774.70855713,3,4,False,False,False,False,True,False,False,False,False
CPIX,up,0.26821190327658173,2026-07-09,6.659999847412109,508269.0151691437,0,,False,False,False,False,False,False,False,False,True
CPSH,down,-0.2563559011682208,2026-07-23,3.509999990463257,1953995.9917545319,1,4,False,False,False,False,True,False,False,False,False
CRDO,down,-0.24968288816810913,2026-07-23,177.4499969482422,1663136099.761963,4,4,False,False,False,False,True,False,False,False,False
CRML,down,-0.21319016419507286,2026-07-22,5.130000114440918,38794200.0,0,,False,False,False,False,False,False,False,False,True
CRM,up,0.20040791228485721,2026-07-23,188.3800048828125,2182175876.6723633,2,4,False,False,False,False,True,False,False,False,False
CRMT,up,0.4172186214700826,2026-07-14,3.109999895095825,1382256.0075759888,2,"10-K,8-K",True,False,False,False,False,False,False,True,False
CRTO,up,0.2143605958565149,2026-07-06,22.6299991607666,6186400.0,1,8-K,True,False,False,False,False,False,False,False,False
CRNX,up,0.9873899882300747,2026-07-07,83.87999725341797,229458114.17312622,6,"144,4,8-K,DEFA14A",True,False,False,False,True,False,True,False,False
CTEV,down,-0.2889107915641339,2026-07-17,23.399999618530273,2841267.0558929443,0,,False,False,False,False,False,False,False,False,True
CTNT,up,0.2133333683013916,2026-07-20,1.7999999523162842,474743.99700164795,0,,False,False,False,False,False,False,False,False,True
CTSH,up,0.30132535235839386,2026-07-23,55.970001220703125,399198945.95718384,1,SCHEDULE 13G,False,False,False,False,False,False,False,False,False
CUE,up,0.301486145839007,2026-07-02,28.010000228881836,4149611.3636016846,1,EFFECT,False,False,False,False,False,False,False,False,False
CUE,down,-0.23883861426701025,2026-07-09,28.010000228881836,4149611.3636016846,1,EFFECT,False,False,False,False,False,False,False,False,False
CURR,up,0.20701760432653615,2026-07-13,3.130000114440918,256091.0064458847,0,,False,False,False,False,False,False,False,False,True
DGXX,down,-0.237875286267486,2026-07-23,3.299999952316284,18534347.105026245,1,S-3,False,True,False,False,False,False,False,False,False
DOCN,down,-0.25175211931201547,2026-07-22,106.76000213623047,454680361.4654541,3,"424B5,FWP",False,True,False,False,False,False,False,False,False
DOCU,up,0.23660707986389706,2026-07-23,58.16999816894531,160747861.5989685,0,,False,False,False,False,False,False,False,False,True
DSGR,up,0.2529112401278395,2026-07-16,34.540000915527344,2065500.0,3,"8-K,DEFA14A,SCHEDULE 13D/A",True,False,False,True,False,False,True,True,False
DXC,up,0.26968714957357287,2026-07-23,11.770000457763672,38600693.692588806,2,"4,8-K",True,False,False,False,True,False,False,False,False
DWSN,down,-0.4161162515107454,2026-07-13,4.199999809265137,897229.9635887146,0,,False,False,False,False,False,False,False,False,True
EAF,up,0.2829860369502424,2026-07-09,7.059999942779541,2024459.9940776825,0,,False,False,False,False,False,False,False,False,True
ECG,down,-0.2087410509309775,2026-07-23,109.16999816894531,68469949.79095459,0,,False,False,False,False,False,False,False,False,True
ECOR,down,-0.24800462417839386,2026-07-02,6.070000171661377,476211.0248565674,0,,False,False,False,False,False,False,False,False,True
EDSA,down,-0.20454544305144573,2026-07-17,5.360000133514404,472255.0024986267,2,"424B3,EFFECT",False,True,False,False,False,False,False,False,False
EDBL,up,0.3181817525017694,2026-07-08,2.450000047683716,628578.0,3,"3,4,8-K",True,False,False,False,True,True,False,False,False
EDBL,down,-0.24786322154452678,2026-07-07,2.450000047683716,628578.0,3,"3,4,8-K",True,False,False,False,True,True,False,False,False
EDU,up,0.2033689700865986,2026-07-22,58.58000183105469,27474850.85296631,7,4,False,False,False,False,True,False,False,False,False
EFOR,up,0.2697979616682291,2026-07-21,23.40999984741211,17130960.317230225,0,,False,False,False,False,False,False,False,False,True
EGHT,up,0.21604939679731738,2026-07-23,1.9700000286102295,3342861.0783934593,0,,False,False,False,False,False,False,False,False,True
EGHT,down,-0.20197042975360557,2026-07-16,1.9700000286102295,3342861.0783934593,0,,False,False,False,False,False,False,False,False,True
EGG,up,0.858536600683645,2026-07-28,3.9200000762939453,293359.99631881714,1,6-K,False,False,False,False,False,False,False,False,False
EGG,down,-0.5980392175195586,2026-07-27,3.9200000762939453,293359.99631881714,1,6-K,False,False,False,False,False,False,False,False,False
ELTX,up,0.31457794211111656,2026-07-01,2.890000104904175,2266319.971561432,1,8-K,True,False,False,False,False,False,False,True,False
ELTX,down,-0.3735408341923051,2026-07-02,2.890000104904175,2266319.971561432,2,"424B5,8-K",True,True,False,False,False,False,True,False,False
ELVA,up,0.4904943508091637,2026-07-15,7.670000076293945,3882528.0910491943,1,6-K,False,False,False,False,False,False,False,False,False
ELVA,down,-0.22704081839527435,2026-07-15,7.670000076293945,3882528.0910491943,1,6-K,False,False,False,False,False,False,False,False,False
ENOV,up,0.2584829421745982,2026-07-01,30.260000228881836,25436460.151672363,2,"11-K,4",False,False,False,False,True,False,False,False,False
ENLV,down,-0.47417842976860636,2026-07-28,2.25,394711.01334762573,2,6-K,False,False,False,False,False,False,False,False,False
ENVX,down,-0.2136751705686314,2026-07-22,3.680000066757202,28881490.91053009,2,4,False,False,False,False,True,False,False,False,False
EPAM,up,0.24088692996314975,2026-07-23,106.88999938964844,133741556.6482544,0,,False,False,False,False,False,False,False,False,True
EVH,down,-0.40754042179284433,2026-07-22,3.299999952316284,12149279.824447632,1,SCHEDULE 13G,False,False,False,False,False,False,False,False,False
EVTL,down,-0.25766868608178883,2026-07-22,1.2100000381469727,3706179.0408611298,0,,False,False,False,False,False,False,False,False,True
EWTX,up,0.23499352719464928,2026-07-01,39.75,41983520.15686035,2,"144,4",False,False,False,False,True,False,False,False,False
EWTX,down,-0.21013443987697655,2026-07-09,39.75,41983520.15686035,1,4,False,False,False,False,True,False,False,False,False
EXLS,up,0.341408937040931,2026-07-22,35.9900016784668,66705891.95537567,6,"3,4,8-K",True,False,False,False,True,False,True,False,False
FBIO,up,0.24749164119614675,2026-07-07,3.3499999046325684,1626371.962738037,0,,False,False,False,False,False,False,False,False,True
FBRX,up,0.7832847861512773,2026-07-09,76.52999877929688,29110788.36364746,4,"4,8-K,SCHEDULE 13G/A",True,False,False,False,True,False,True,True,False
FEIM,up,0.35499742169707615,2026-07-14,57.689998626708984,17851530.1322937,0,,False,False,False,False,False,False,False,False,True
FEIM,down,-0.2123156702705591,2026-07-23,57.689998626708984,17851530.1322937,3,"10-K,EFFECT,S-3",False,True,False,False,False,False,False,False,False
FGNX,up,0.3446089022976797,2026-07-08,6.889999866485596,644183.9977741241,1,8-K,True,False,False,False,False,False,False,True,False
FIVN,up,0.24925269565935881,2026-07-23,27.165000915527344,50891970.80554962,0,,False,False,False,False,False,False,False,False,True
FJET,down,-0.21987314115418177,2026-07-13,3.4700000286102295,3453449.914455414,0,,False,False,False,False,False,False,False,False,True
FLY,down,-0.2472310059430356,2026-07-09,17.84000015258789,87409697.1654892,1,D,False,False,False,False,False,False,False,False,False
FNWD,up,0.22745954659570433,2026-07-22,44.2400016784668,602034.9872589111,6,"13F-HR,425,8-K",True,False,True,False,False,False,True,True,False
FRHC,up,0.20418486349658416,2026-07-01,148.24000549316406,19942032.540893555,3,"4,8-K",True,False,False,False,True,False,False,False,False
FRNM,down,-0.23439877041336554,2026-07-22,10.0600004196167,2736872.0764160156,14,"10-Q,25-NSE,3,4,425,8-A12B,8-K,CERT,SCHEDULE 13D/A",True,False,True,True,True,False,False,False,False
FRMI,up,0.22314047306973572,2026-07-17,5.860000133514404,114036621.30084038,2,8-K,True,False,False,False,False,True,True,True,False
FRMI,down,-0.23142510189272403,2026-07-06,5.860000133514404,114036621.30084038,9,"4,DFAN14A,SCHEDULE 13D/A",False,False,False,True,True,False,False,False,False
FTCI,down,-0.28305400620474375,2026-07-10,2.5999999046325684,579174.0022182465,-1,,False,False,False,False,False,False,False,False,False
FTH,up,0.5776614191555889,2026-07-02,28.93000030517578,3655068.118286133,2,4,False,False,False,False,True,False,False,False,False
FTH,down,-0.2845685578429321,2026-07-10,28.93000030517578,3655068.118286133,0,,False,False,False,False,False,False,False,False,True
FVRR,down,-0.2053494463422847,2026-07-29,9.210000038146973,6456537.909698486,1,4,False,False,False,False,True,False,False,False,False
FWRD,up,0.22803025141673028,2026-07-21,14.59000015258789,9343425.197601318,1,8-K,True,False,False,False,False,False,False,True,False
G,up,0.22325887385841114,2026-07-22,36.709999084472656,62487379.765319824,0,,False,False,False,False,False,False,False,False,True
FXHO,up,1.7152777437442608,2026-07-06,8.770000457763672,663119.9824333191,0,,False,False,False,False,False,False,False,False,True
FXHO,down,-0.25000004967053535,2026-07-02,8.770000457763672,663119.9824333191,0,,False,False,False,False,False,False,False,False,True
GALT,down,-0.2790262556890064,2026-07-14,3.490000009536743,2146927.9697418213,0,,False,False,False,False,False,False,False,False,True
GDC,up,0.24358982588412803,2026-07-22,1.4700000286102295,1165706.9782018661,0,,False,False,False,False,False,False,False,False,True
GDYN,up,0.21428576902467467,2026-07-22,6.800000190734863,9832620.15247345,0,,False,False,False,False,False,False,False,False,True
GERN,up,0.22834643008534639,2026-07-01,1.399999976158142,13192424.170017242,1,4,False,False,False,False,True,False,False,False,False
GEVO,up,0.20979026750315466,2026-07-14,1.4500000476837158,4305155.869889259,0,,False,False,False,False,False,False,False,False,True
GEVO,down,-0.20765026574876821,2026-07-23,1.4500000476837158,4305155.869889259,1,8-K,True,False,False,False,False,False,False,True,False
GLOB,up,0.24632475547803478,2026-07-23,38.150001525878906,63113041.48006439,0,,False,False,False,False,False,False,False,False,True
GLSI,down,-0.32088025404242704,2026-07-15,12.800000190734863,2275805.0785064697,0,,False,False,False,False,False,False,False,False,True
GMM,up,1.4702703312246177,2026-07-10,2.930000066757202,454476.0166168213,0,,False,False,False,False,False,False,False,False,True
GMM,down,-0.24507660435612122,2026-07-13,2.930000066757202,454476.0166168213,0,,False,False,False,False,False,False,False,False,True
GMEX,up,0.22448973964853858,2026-07-27,1.2799999713897705,436857.99815654755,0,,False,False,False,False,False,False,False,False,True
GRMN,up,0.22794660173875192,2026-07-23,294.8299865722656,215351494.44580078,0,,False,False,False,False,False,False,False,False,True
GRRR,down,-0.2909958247605009,2026-07-15,10.649999618530273,18757309.57660675,5,4,False,False,False,False,True,False,False,False,False
GSIT,down,-0.20384049015197436,2026-07-09,5.25,5352660.15586853,0,,False,False,False,False,False,False,False,False,True
GTE,up,0.21835436710771328,2026-07-16,6.679999828338623,1765907.9544067383,0,,False,False,False,False,False,False,False,False,True
GSHD,up,0.3758754692856765,2026-07-22,70.72000122070312,28595079.21524048,3,"10-Q,8-K,SCHEDULE 13G/A",True,False,False,False,False,False,False,True,False
GTM,up,0.21527772948697943,2026-07-23,3.5,26019871.95417881,0,,False,False,False,False,False,False,False,False,True
GWRE,up,0.27310083947726627,2026-07-23,167.25999450683594,196121278.3203125,3,"144,4,8-K",True,False,False,False,True,False,False,False,False
HCKT,up,0.20107525238785184,2026-07-23,11.170000076293945,3251899.929046631,-1,,False,False,False,False,False,False,False,False,False
HCWB,down,-0.375,2026-07-17,2.5799999237060547,257154.2319712639,1,POS AM,False,False,False,False,False,False,False,False,False
HKIT,down,-0.23943659607036483,2026-07-01,3.119999885559082,573092.028093338,2,6-K,False,False,False,False,False,False,False,False,False
HOVR,up,0.20241694497774487,2026-07-21,1.590000033378601,1715823.990702629,6,"10-K,4,8-K",True,False,False,False,True,False,False,True,False
HQ,down,-0.4755714885997231,2026-07-17,11.550000190734863,11009855.755615234,-1,,False,False,False,False,False,False,False,False,False
HTCO,down,-0.20924576778031145,2026-07-01,3.4100000858306885,442325.0,0,,False,False,False,False,False,False,False,False,True
HUBS,up,0.3216146643704736,2026-07-23,251.1199951171875,289187086.29608154,2,"144,4",False,False,False,False,True,False,False,False,False
HUT,up,0.28027411033012184,2026-07-16,88.18000030517578,429847126.61972046,0,,False,False,False,False,False,False,False,False,True
HUT,down,-0.25061611560007946,2026-07-23,88.18000030517578,429847126.61972046,1,8-K,True,False,False,False,False,False,True,False,False
HURN,up,0.40372407729870785,2026-07-29,170.3699951171875,31607941.009521484,3,"10-Q,8-K",True,False,False,False,False,False,False,True,False
IBM,down,-0.25207594284781154,2026-07-14,226.44000244140625,2265873197.8271484,-1,,False,False,False,False,False,False,False,False,False
ICHR,down,-0.3470051525822855,2026-07-22,62.25,94434050.390625,1,144,False,False,False,False,True,False,False,False,False
ICU,up,0.32425069004961715,2026-07-01,3.25,294375.0,1,8-K,True,False,False,False,False,False,False,False,False
IESC,down,-0.26398695900894553,2026-07-22,496.2200012207031,131475706.29882812,0,,False,False,False,False,False,False,False,False,True
IMAX,up,0.24940562277329015,2026-07-21,48.65999984741211,43506109.36279297,0,,False,False,False,False,False,False,False,False,True
IMSR,down,-0.2304560248570401,2026-07-09,4.639999866485596,10215996.112632751,0,,False,False,False,False,False,False,False,False,True
IMMR,up,0.2037325004280781,2026-07-20,7.329999923706055,3736120.108795166,0,,False,False,False,False,False,False,False,False,True
IMOS,down,-0.27624487161874367,2026-07-22,45.63999938964844,7283009.831237793,1,6-K,False,False,False,False,False,False,False,False,False
INLF,up,0.6860986360105281,2026-07-22,4.269999980926514,4834099.704776287,0,,False,False,False,False,False,False,False,False,True
INTG,down,-0.23579174073209108,2026-07-21,28.149999618530273,3118109.90524292,0,,False,False,False,False,False,False,False,False,True
INV,down,-0.3273453629539613,2026-07-10,2.819999933242798,6014668.024253845,0,,False,False,False,False,False,False,False,False,True
INTT,down,-0.2231292364305929,2026-07-23,11.420000076293945,2537178.042984009,0,,False,False,False,False,False,False,False,False,True
IONQ,down,-0.2159928944554138,2026-07-09,31.989999771118164,765691595.7374573,0,,False,False,False,False,False,False,False,False,True
IONS,down,-0.23904810158964385,2026-07-09,54.040000915527344,190205755.65567017,15,"144,4,8-K",True,False,False,False,True,False,True,True,False
IP,up,0.21292990380665877,2026-07-21,42.63999938964844,191865867.6914215,1,8-K,True,False,False,False,False,False,False,False,False
IOVA,up,0.20610679150174271,2026-07-15,4.559999942779541,60001409.428691864,0,,False,False,False,False,False,False,False,False,True
IQV,up,0.24702796811764793,2026-07-22,247.55999755859375,260341365.06652832,4,4,False,False,False,False,True,False,False,False,False
IREN,down,-0.28997092217351994,2026-07-22,29.309999465942383,1686722601.8218994,1,8-K,True,False,False,False,False,False,False,True,False
IT,up,0.2539741577807231,2026-07-22,165.64999389648438,179692732.28149414,0,,False,False,False,False,False,False,False,False,True
ITRI,up,0.2623259988675595,2026-07-28,102.33000183105469,44322097.15805054,2,"10-Q,8-K",True,False,False,False,False,False,False,True,False
JEM,down,-0.5169642629697405,2026-07-10,5.409999847412109,2455580.039691925,3,"3,4,6-K",False,False,False,False,True,False,False,False,False
JFB,down,-0.21052631578947367,2026-07-15,3.2899999618530273,938959.9815368652,5,4,False,False,False,False,True,False,False,False,False
JLHL,up,3.1797386277841797,2026-07-09,5.75,2419268.0066108704,0,,False,False,False,False,False,False,False,False,True
JLHL,down,-0.496589345753391,2026-07-06,5.75,2419268.0066108704,0,,False,False,False,False,False,False,False,False,True
JZ,up,0.20937494621612207,2026-07-09,2.240000009536743,349013.54234838486,0,,False,False,False,False,False,False,False,False,True
JZ,down,-0.281481494127368,2026-07-02,2.240000009536743,349013.54234838486,1,6-K,False,False,False,False,False,False,False,False,False
JZXN,up,0.8547009879393819,2026-07-10,1.2699999809265137,286924.99405145645,0,,False,False,False,False,False,False,False,False,True
JZXN,down,-0.336787561566504,2026-07-22,1.2699999809265137,286924.99405145645,1,6-K,False,False,False,False,False,False,False,False,False
KEEL,up,0.22236340857019976,2026-07-16,3.180000066757202,135654668.84777546,6,"3,4",False,False,False,False,True,False,False,False,False
KEEL,down,-0.3388773171336912,2026-07-23,3.180000066757202,135654668.84777546,0,,False,False,False,False,False,False,False,False,True
KD,up,0.20257516631998773,2026-07-22,14.010000228881836,48474475.0,0,,False,False,False,False,False,False,False,False,True
KOS,up,0.27441855255754377,2026-07-16,2.4800000190734863,34067214.306259155,0,,False,False,False,False,False,False,False,False,True
KPTI,down,-0.21451108197607727,2026-07-20,6.860000133514404,3766917.0810699463,1,8-K,True,False,False,False,False,False,False,False,False
KSCP,up,0.4545454545454546,2026-07-22,1.3799999952316284,1283833.0141544342,1,8-K,True,False,False,False,False,False,False,True,False
KSCP,down,-0.3365384394953229,2026-07-22,1.3799999952316284,1283833.0141544342,1,8-K,True,False,False,False,False,False,False,True,False
KULR,down,-0.2448979641486584,2026-07-06,2.4200000762939453,4274820.010900497,0,,False,False,False,False,False,False,False,False,True
KYTX,down,-0.24159024067491752,2026-07-09,7.070000171661377,9632439.412021637,1,8-K,True,False,False,False,False,False,True,False,False
LAD,up,0.27980367956012,2026-07-23,427.4800109863281,86556144.20471191,0,,False,False,False,False,False,False,False,False,True
LASR,up,0.2731765285604979,2026-07-09,59.06999969482422,66102575.0,1,144,False,False,False,False,True,False,False,False,False
LCID,up,0.28787877849592336,2026-07-15,7.960000038146973,87119710.90679169,1,8-K,True,False,False,False,False,False,False,True,False
LCID,down,-0.22935780254343907,2026-07-07,7.960000038146973,87119710.90679169,2,8-K,True,False,False,False,False,False,False,True,False
LHSW,up,2.7777779838185306,2026-07-06,2.609999895095825,423774.99520778656,3,"4,6-K,SCHEDULE 13D/A",False,False,False,True,True,False,False,False,False
LHSW,down,-0.41323530917349116,2026-07-07,2.609999895095825,423774.99520778656,3,"4,6-K,SCHEDULE 13D/A",False,False,False,True,True,False,False,False,False
LINC,down,-0.23742337765779853,2026-07-13,43.439998626708984,22396928.125,1,8-K,True,False,False,False,False,False,True,False,False
LII,down,-0.20968186471375694,2026-07-29,430.0199890136719,243843815.71655273,1,8-K,True,False,False,False,False,False,False,True,False
LITE,down,-0.2774459418914045,2026-07-23,602.3499755859375,3390391230.9387207,6,4,False,False,False,False,True,False,False,False,False
LMND,down,-0.23715986793568555,2026-07-29,47.380001068115234,74677047.8439331,3,"8-K,SCHEDULE 13G/A",True,False,False,False,False,False,False,True,False
LODE,down,-0.22680414651681524,2026-07-24,2.7200000286102295,4330080.127716064,2,"10-Q,8-K",True,False,False,False,False,False,False,True,False
LPTH,up,0.22200774777559595,2026-07-21,9.390000343322754,35403925.297260284,0,,False,False,False,False,False,False,False,False,True
LPTH,down,-0.240905381552608,2026-07-23,9.390000343322754,35403925.297260284,30,"8-K,POS AM,S-8 POS",True,False,False,False,False,False,True,True,False
LRMR,up,0.31288350378189644,2026-07-02,3.630000114440918,6671859.867095947,1,8-K,True,False,False,False,False,False,True,False,False
LUNR,down,-0.20473373468915357,2026-07-09,11.390000343322754,156364661.0628128,1,SCHEDULE 13D/A,False,False,False,True,False,False,False,False,False
MAAS,up,0.2643332014956745,2026-07-16,18.360000610351562,1300771.992111206,1,SCHEDULE 13D/A,False,False,False,True,False,False,False,False,False
MAN,up,0.32368018759472594,2026-07-16,55.86000061035156,50895502.658081055,1,8-K,True,False,False,False,False,False,False,True,False
MANH,up,0.21317718079238102,2026-07-29,204.02000427246094,99084020.95947266,1,8-K,True,False,False,False,False,False,False,True,False
MARA,down,-0.21299923018993727,2026-07-23,10.050000190734863,620595771.94767,6,"144,4",False,False,False,False,True,False,False,False,False
MBRX,down,-0.37899544348358494,2026-07-29,1.3600000143051147,320879.98542785645,1,S-1,False,True,False,False,False,False,False,False,False
MCRB,down,-0.34459461755142606,2026-07-07,4.650000095367432,530160.0143432617,3,4,False,False,False,False,True,False,False,False,False
MEI,down,-0.2136336070411463,2026-07-22,12.920000076293945,10276459.707450867,1,4,False,False,False,False,True,False,False,False,False
MESO,up,0.23243240108448227,2026-07-08,14.130000114440918,3490093.0377960205,0,,False,False,False,False,False,False,False,False,True
MF,up,0.35071092243022894,2026-07-22,6.829999923706055,2706087.9329681396,1,6-K,False,False,False,False,False,False,False,False,False
MF,down,-0.26825396921509126,2026-07-14,6.829999923706055,2706087.9329681396,0,,False,False,False,False,False,False,False,False,True
METC,down,-0.2258842090616695,2026-07-22,9.630000114440918,16796637.152194977,0,,False,False,False,False,False,False,False,False,True
MGRT,up,0.29887001915424993,2026-07-16,96.98999786376953,727559.9868774414,-1,,False,False,False,False,False,False,False,False,False
MH,up,0.23076915821582,2026-07-22,11.199999809265137,6788384.71698761,0,,False,False,False,False,False,False,False,False,True
MKSI,down,-0.25395310032267504,2026-07-23,257.6099853515625,496416762.87231445,1,SCHEDULE 13G,False,False,False,False,False,False,False,False,False
MNRO,down,-0.22906978833088598,2026-07-29,13.260000228881836,12525827.500534058,2,"10-Q,8-K",True,False,False,False,False,False,False,True,False
MNDY,up,0.25801509182339233,2026-07-23,90.25,86228504.67529297,2,6-K,False,False,False,False,False,False,False,False,False
MOD,down,-0.2868130358859654,2026-07-22,178.0399932861328,329504200.0,1,3,False,False,False,False,True,False,False,False,False
MNTS,down,-0.20424836983241357,2026-07-09,4.159999847412109,6459779.959201813,0,,False,False,False,False,False,False,False,False,True
MODD,down,-0.2267303185465639,2026-07-16,2.0799999237060547,261936.012840271,0,,False,False,False,False,False,False,False,False,True
MPLT,up,0.24280673917030815,2026-07-28,15.020000457763672,19506492.599487305,2,"4,8-K",True,False,False,False,True,False,True,True,False
MPLT,down,-0.7290755098218539,2026-07-27,15.020000457763672,19506492.599487305,3,"4,8-K",True,False,False,False,True,False,True,True,False
MRCY,down,-0.20159257024551003,2026-07-06,90.16999816894531,62793600.0,0,,False,False,False,False,False,False,False,False,True
MRDN,down,-0.21914894106306415,2026-07-29,11.010000228881836,953111.9939804077,2,"10-Q,8-K",True,False,False,False,False,False,False,True,False
MRVL,down,-0.22596292290576458,2026-07-09,163.39999389648438,5595550466.7907715,2,"424B7,8-K",True,True,False,False,False,False,True,False,False
MTRN,down,-0.24463419144794374,2026-07-22,189.33999633789062,79592100.0,2,4,False,False,False,False,True,False,False,False,False
MU,down,-0.25369367750106775,2026-07-23,739.0,48656326300.58594,-1,,False,False,False,False,False,False,False,False,False
MXL,down,-0.21536608928047463,2026-07-24,57.25,313058516.1026001,2,"10-Q,8-K",True,False,False,False,False,False,False,True,False
MYRG,down,-0.21270200261018657,2026-07-22,322.05999755859375,114723838.28125,-1,,False,False,False,False,False,False,False,False,False
MYSE,up,0.23376622304296024,2026-07-10,2.4000000953674316,419894.9942588806,0,,False,False,False,False,False,False,False,False,True
NAKA,up,0.3738873209702802,2026-07-13,4.28000020980835,908105.0109624863,0,,False,False,False,False,False,False,False,False,True
NAMM,down,-0.20958078660287427,2026-07-23,1.3200000524520874,416826.0032057762,4,"424B3,6-K",False,True,False,False,False,False,False,False,False
NAUT,down,-0.2771083904742009,2026-07-28,1.0399999618530273,1263027.9893875122,2,"10-Q,8-K",True,False,False,False,False,False,False,True,False
NCTY,up,0.41433018937713784,2026-07-27,4.360000133514404,264215.997505188,3,"6-K,EFFECT,F-3/A",False,True,False,False,False,False,False,False,False
NCT,up,0.21180551071410014,2026-07-21,3.4700000286102295,1358878.049325943,0,,False,False,False,False,False,False,False,False,True
NDLS,up,0.24372463014040102,2026-07-24,15.9399995803833,468456.00299835205,2,"10-Q,8-K",True,False,False,False,False,False,False,True,False
NDLS,down,-0.23734176928675,2026-07-01,15.9399995803833,468456.00299835205,0,,False,False,False,False,False,False,False,False,True
NEWP,up,0.2061854871911466,2026-07-15,4.369999885559082,2035098.0174064636,1,SCHEDULE 13G/A,False,False,False,False,False,False,False,False,False
NEXT,down,-0.20351757258737468,2026-07-23,6.340000152587891,18033417.316389084,0,,False,False,False,False,False,False,False,False,True
NGNE,up,0.26446277455714107,2026-07-01,33.65999984741211,7495312.316131592,4,"424B5,8-K",True,True,False,False,False,False,True,True,False
NICE,up,0.20962908330126595,2026-07-23,105.0199966430664,46638437.51296997,0,,False,False,False,False,False,False,False,False,True
NKTX,down,-0.27520435135335997,2026-07-08,2.130000114440918,1786094.9402332306,0,,False,False,False,False,False,False,False,False,True
NNVC,up,0.20408159624317213,2026-07-07,1.5399999618530273,565440.0084257126,1,424B3,False,True,False,False,False,False,False,False,False
NOW,up,0.2590819998074809,2026-07-23,115.76000213623047,2151281307.295227,4,"10-Q,8-K,S-8",True,False,False,False,False,False,False,True,False
NRGV,down,-0.250746250173832,2026-07-22,2.509999990463257,16888092.09256172,2,"8-K,S-3",True,True,False,False,False,False,False,True,False
NRXP,down,-0.27901785595494566,2026-07-22,3.2300000190734863,3183195.103406906,1,8-K,True,False,False,False,False,False,True,False,False
NTLA,down,-0.2701793527801637,2026-07-06,10.800000190734863,56133250.0,3,"144,4",False,False,False,False,True,False,False,False,False
NUAI,up,0.263803763538373,2026-07-20,4.065000057220459,38589557.91544914,1,SCHEDULE 13G,False,False,False,False,False,False,False,False,False
NVEC,up,0.5483387891249618,2026-07-23,112.26000213623047,24220690.837097168,2,"10-Q,8-K",True,False,False,False,False,False,True,True,False
NVCR,up,0.2838792654416842,2026-07-23,15.199999809265137,21396344.461250305,3,"10-Q,144,8-K",True,False,False,False,True,False,False,True,False
NVCR,down,-0.23961981074025263,2026-07-23,15.199999809265137,21396344.461250305,3,"10-Q,144,8-K",True,False,False,False,True,False,False,True,False
NVVE,up,0.6358380881531325,2026-07-08,1.1799999475479126,1065840.0423526764,2,8-K,True,False,False,False,False,False,True,False,False
NVVE,down,-0.6113172392384087,2026-07-16,1.1799999475479126,1065840.0423526764,1,10-Q,False,False,False,False,False,False,False,False,False
NXTC,up,2.018348496426401,2026-07-14,5.019999980926514,306250.0,2,"425,8-K",True,False,True,False,False,True,True,True,False
NXTC,down,-0.3363499216563035,2026-07-15,5.019999980926514,306250.0,2,"425,8-K",True,False,True,False,False,True,True,True,False
OBE,up,0.20969556715614424,2026-07-16,9.819999694824219,6725326.890945435,2,6-K,False,False,False,False,False,False,False,False,False
OEC,up,0.24906364900785727,2026-07-09,7.150000095367432,3788167.9094314575,0,,False,False,False,False,False,False,False,False,True
OII,up,0.2471618037996839,2026-07-17,46.58000183105469,40881541.39709473,0,,False,False,False,False,False,False,False,False,True
OPAD,down,-0.2239382019022489,2026-07-17,3.9200000762939453,255192.00496673584,0,,False,False,False,False,False,False,False,False,True
ONTO,down,-0.2605927263045089,2026-07-22,218.30999755859375,379024417.8588867,-1,,False,False,False,False,False,False,False,False,False
OPK,up,0.3306451318291299,2026-07-28,1.3700000047683716,3533088.0226135254,4,"10-Q,4,8-K",True,False,False,False,True,False,False,True,False
OPTX,down,-0.3015612204837017,2026-07-01,5.875,4979591.8394088745,0,,False,False,False,False,False,False,False,False,True
ORN,down,-0.24143694894336953,2026-07-29,9.079999923706055,5940486.036491394,1,8-K,True,False,False,False,False,False,False,True,False
OTEX,up,0.20260216590422941,2026-07-23,25.8799991607666,31339009.245300293,1,8-K,True,False,False,False,False,False,True,False,False
OTLY,up,0.6751380693817546,2026-07-21,15.260000228881836,632074.9750137329,0,,False,False,False,False,False,False,False,False,True
PAVS,up,0.5231957920350991,2026-07-23,4.809999942779541,582971.9930648804,0,,False,False,False,False,False,False,False,False,True
PAYC,up,0.2178803308263959,2026-07-23,168.9199981689453,111951422.90039062,0,,False,False,False,False,False,False,False,False,True
PCOR,up,0.22103207428519012,2026-07-23,50.15999984741211,136352246.8345642,0,,False,False,False,False,False,False,False,False,True
PDC,up,0.26479747493188355,2026-07-14,3.569999933242798,276777.00963020325,2,6-K,False,False,False,False,False,False,False,False,False
PDC,down,-0.20374221013133242,2026-07-10,3.569999933242798,276777.00963020325,2,6-K,False,False,False,False,False,False,False,False,False
PCTY,up,0.20058039069712352,2026-07-23,144.7899932861328,77162824.269104,0,,False,False,False,False,False,False,False,False,True
PD,up,0.24681345147107292,2026-07-23,10.760000228881836,16449643.218135834,2,"144,4",False,False,False,False,True,False,False,False,False
PEGA,down,-0.20990274375476548,2026-07-16,30.950000762939453,79497498.74038696,0,,False,False,False,False,False,False,False,False,True
PEPG,up,0.3295454129822981,2026-07-02,1.7100000381469727,1418163.9614582062,0,,False,False,False,False,False,False,False,False,True
PEPG,down,-0.2000000496705353,2026-07-15,1.7100000381469727,1418163.9614582062,0,,False,False,False,False,False,False,False,False,True
PEW,up,0.21276596608125264,2026-07-06,2.4700000286102295,1070345.982170105,1,8-K,True,False,False,False,False,False,False,False,False
PENG,up,0.25131561738664954,2026-07-08,43.70000076293945,243421204.83398438,3,"10-Q,8-K,8-K/A",True,False,False,False,False,False,False,True,False
PENG,down,-0.3105815286437277,2026-07-13,43.70000076293945,243421204.83398438,2,"10-Q,8-K",True,False,False,False,False,False,False,True,False
PHOE,up,0.26545453312421086,2026-07-17,21.010000228881836,494000.0,-1,,False,False,False,False,False,False,False,False,False
PHOE,down,-0.27123286626110343,2026-07-21,21.010000228881836,494000.0,-1,,False,False,False,False,False,False,False,False,False
PLRZ,down,-0.23579363235849882,2026-07-23,11.699999809265137,418571.98963165283,0,,False,False,False,False,False,False,False,False,True
PLSE,up,0.2446808017241504,2026-07-15,34.25,7541760.112380981,0,,False,False,False,False,False,False,False,False,True
PMN,up,0.23890786066037384,2026-07-28,14.0600004196167,1126059.9823951721,1,8-K,True,False,False,False,False,False,True,True,False
PMN,down,-0.22281164944803888,2026-07-20,14.0600004196167,1126059.9823951721,0,,False,False,False,False,False,False,False,False,True
POWL,down,-0.23128635108971307,2026-07-23,186.38999938964844,206432493.31054688,0,,False,False,False,False,False,False,False,False,True
POWI,down,-0.21961648003996037,2026-07-22,56.56999969482422,59311033.79058838,0,,False,False,False,False,False,False,False,False,True
PRE,up,0.2650386309077253,2026-07-07,18.020000457763672,2466089.967727661,2,"20-F/A,4",False,False,False,False,True,False,False,False,False
PRLD,up,0.22976504751190596,2026-07-24,4.710000038146973,1446911.9676589966,0,,False,False,False,False,False,False,False,False,True
PRME,down,-0.24458872381240193,2026-07-08,3.0299999713897705,11797695.599365234,1,8-K,True,False,False,False,False,False,True,False,False
PSIX,down,-0.23373494128181405,2026-07-22,25.440000534057617,12768308.10623169,0,,False,False,False,False,False,False,False,False,True
PSNL,down,-0.23456793566075718,2026-07-17,11.729999542236328,54927938.436317444,2,"144,4",False,False,False,False,True,False,False,False,False
PSN,down,-0.349991931512315,2026-07-29,40.31999969482422,56864412.17765808,2,"10-Q,8-K",True,False,False,False,False,False,False,True,False
PVLA,down,-0.2104426533406839,2026-07-20,142.60000610351562,31108922.819519043,3,"144,4,8-K",True,False,False,False,True,False,True,False,False
PYPL,up,0.2517652233946328,2026-07-09,58.349998474121094,672292156.048584,0,,False,False,False,False,False,False,False,False,True
PUMP,down,-0.24871229407582296,2026-07-22,10.210000038146973,56209932.59811401,0,,False,False,False,False,False,False,False,False,True
QCLS,down,-0.250746250173832,2026-07-23,2.509999990463257,621796.0063934326,0,,False,False,False,False,False,False,False,False,True
QBTS,up,0.20357812034488076,2026-07-27,16.18000030517578,349677461.4784241,7,"144,25,4,8-A12B,8-K,CERT",True,False,False,False,True,False,False,True,False
QBTS,down,-0.20037806246188228,2026-07-09,16.18000030517578,349677461.4784241,1,8-K,True,False,False,False,False,False,False,True,False
PYPD,down,-0.2737864193631807,2026-07-21,4.079999923706055,1279631.930923462,12,"4,6-K",False,False,False,False,True,False,False,False,False
PYXS,up,0.2479674331856172,2026-07-07,2.9200000762939453,2277777.0650863647,4,"144,4,8-K,SCHEDULE 13G/A",True,False,False,False,True,True,True,True,False
PYXS,down,-0.2540716574432845,2026-07-07,2.9200000762939453,2277777.0650863647,4,"144,4,8-K,SCHEDULE 13G/A",True,False,False,False,True,True,True,True,False
QMCO,up,0.20312497206032387,2026-07-16,10.449999809265137,8539609.238433838,1,S-1,False,True,False,False,False,False,False,False,False
QNC,down,-0.21090906316583802,2026-07-10,1.940000057220459,1917089.9641513824,-1,,False,False,False,False,False,False,False,False,False
QNCX,up,0.23249297085945342,2026-07-27,22.0,506257.9917907715,0,,False,False,False,False,False,False,False,False,True
QTTB,up,0.9072256099921248,2026-07-13,14.640000343322754,6875777.876472473,5,"424B5,8-K,SCHEDULE 13G,SCHEDULE 13G/A",True,True,False,False,False,False,True,True,False
QTTB,down,-0.2965387954994778,2026-07-13,14.640000343322754,6875777.876472473,5,"424B5,8-K,SCHEDULE 13G,SCHEDULE 13G/A",True,True,False,False,False,False,True,True,False
QXL,down,-0.2086466349056082,2026-07-23,4.210000038146973,352716.0040855408,0,,False,False,False,False,False,False,False,False,True
RCEL,down,-0.23892100113016834,2026-07-06,4.440000057220459,1238768.9571380615,0,,False,False,False,False,False,False,False,False,True
RBNE,up,0.2735425515149843,2026-07-23,2.509999990463257,384280.9985399246,2,"424B5,6-K",False,True,False,False,False,False,False,False,False
RBNE,down,-0.4366196928883178,2026-07-24,2.509999990463257,384280.9985399246,2,"424B5,6-K",False,True,False,False,False,False,False,False,False
RCKY,up,0.2244389112834564,2026-07-23,49.099998474121094,1961760.0372314453,0,,False,False,False,False,False,False,False,False,True
RDWR,down,-0.20874279226142578,2026-07-24,23.350000381469727,5944068.014907837,0,,False,False,False,False,False,False,False,False,True
REAX,down,-0.23394499727295093,2026-07-16,1.649999976158142,7537107.9808831215,5,"425,6-K",False,False,True,False,False,False,False,False,False
RELL,up,0.21154910702513252,2026-07-23,16.690000534057617,2766791.918182373,18,"144,4,8-K",True,False,False,False,True,False,False,True,False
RELL,down,-0.23510537270921483,2026-07-23,16.690000534057617,2766791.918182373,18,"144,4,8-K",True,False,False,False,True,False,False,True,False
REPL,down,-0.3800695441845704,2026-07-28,5.409999847412109,33850022.22614288,4,"ARS,DEF 14A,DEFA14A,S-3/A",False,True,False,False,False,False,False,False,False
RFL,down,-0.39947089997148433,2026-07-01,1.9900000095367432,337435.0118637085,0,,False,False,False,False,False,False,False,False,True
RFIL,down,-0.24612736011135505,2026-07-10,10.65999984741211,4730916.171264648,0,,False,False,False,False,False,False,False,False,True
RGC,up,0.31855493132605517,2026-07-01,5.650000095367432,2481744.9204444885,-1,,False,False,False,False,False,False,False,False,False
RGNT,up,0.2946176228613837,2026-07-01,1.7799999713897705,355272.0060348511,1,D,False,False,False,False,False,False,False,False,False
RGNT,down,-0.26801154440614705,2026-07-14,1.7799999713897705,355272.0060348511,10,"4,424B3,6-K,EFFECT,F-1",False,True,False,False,True,False,False,False,False
RHI,up,0.29012337248421316,2026-07-10,40.130001068115234,81484918.51272583,0,,False,False,False,False,False,False,False,False,True
RGNX,down,-0.2910393922189062,2026-07-10,9.619999885559082,23771471.63667679,3,"4,SC TO-I/A",False,False,True,False,True,False,False,False,False
RIOT,up,0.2678002655288787,2026-07-16,18.239999771118164,378146631.97250366,1,4,False,False,False,False,True,False,False,False,False
RLMD,down,-0.2248061786269011,2026-07-13,5.139999866485596,10233678.07149887,0,,False,False,False,False,False,False,False,False,True
RMBS,down,-0.2024463440409382,2026-07-22,82.80999755859375,330693444.2504883,0,,False,False,False,False,False,False,False,False,True
ROP,up,0.21193317002789636,2026-07-22,408.07000732421875,328527938.6627197,0,,False,False,False,False,False,False,False,False,True
RPD,down,-0.22213115414058426,2026-07-17,9.390000343322754,27975628.02286148,1,4,False,False,False,False,True,False,False,False,False
RPT,down,-0.2550242707795253,2026-07-09,12.149999618530273,944054.9703598022,0,,False,False,False,False,False,False,False,False,True
RR,down,-0.22488034866151918,2026-07-06,1.350000023841858,11898900.0,-1,,False,False,False,False,False,False,False,False,False
RUBI,down,-0.24928370246427123,2026-07-17,2.1700000762939453,556320.0130462646,-1,,False,False,False,False,False,False,False,False,False
RXO,down,-0.22730375497717104,2026-07-21,22.290000915527344,41400015.58818817,-1,,False,False,False,False,False,False,False,False,False
RXT,up,0.22196803030458434,2026-07-10,3.7799999713897705,72703216.49107933,5,"424B5,8-K,S-3ASR,S-8",True,True,False,False,False,False,True,True,False
RXT,down,-0.33586627108989897,2026-07-09,3.7799999713897705,72703216.49107933,5,"424B5,8-K,S-3ASR,S-8",True,True,False,False,False,False,True,True,False
RZLT,up,0.21510299355538742,2026-07-16,4.699999809265137,8031462.720346451,0,,False,False,False,False,False,False,False,False,True
SAFT,up,0.4148614408279494,2026-07-24,103.0999984741211,8921775.035858154,8,"4,8-K,DEFA14A",True,False,False,False,True,False,True,True,False
SAP,up,0.2705970712465966,2026-07-23,185.99000549316406,450838302.37731934,0,,False,False,False,False,False,False,False,False,True
SATL,down,-0.22559656619332225,2026-07-09,3.309999942779541,22731911.246681213,1,4/A,False,False,False,False,False,False,False,False,False
SANM,down,-0.25032024188420354,2026-07-23,163.85000610351562,162202541.07666016,0,,False,False,False,False,False,False,False,False,True
SAR,down,-0.22582076068512913,2026-07-01,18.969999313354492,2983316.976547241,0,,False,False,False,False,False,False,False,False,True
SCLX,up,0.23048335572360612,2026-07-07,6.559999942779541,577163.0172252655,3,"4,8-K,SCHEDULE 13D/A",True,False,False,True,True,True,True,True,False
SCLX,down,-0.2375271142943467,2026-07-15,6.559999942779541,577163.0172252655,0,,False,False,False,False,False,False,False,False,True
SEDG,down,-0.20329161208945812,2026-07-17,39.040000915527344,111987745.23468018,-1,,False,False,False,False,False,False,False,False,False
SDOT,down,-0.4922500133514405,2026-07-08,14.270000457763672,9935100.0,2,8-K,True,False,False,False,False,True,True,False,False
SG,down,-0.22924411085406682,2026-07-09,6.360000133514404,37592695.89071274,0,,False,False,False,False,False,False,False,False,True
SHPH,up,0.40540533574329407,2026-07-14,2.7799999713897705,429351.99625492096,4,"3,4",False,False,False,False,True,False,False,False,False
SIMO,down,-0.2746644443911913,2026-07-23,209.67999267578125,226374481.5673828,0,,False,False,False,False,False,False,False,False,True
SILC,down,-0.21138213343239376,2026-07-22,34.91999816894531,6139012.957000732,1,6-K,False,False,False,False,False,False,False,False,False
SITM,down,-0.21756646345035935,2026-07-22,462.1600036621094,271935285.64453125,0,,False,False,False,False,False,False,False,False,True
SKIL,up,0.2818532985579725,2026-07-01,7.389999866485596,640528.0106544495,8,"4,8-K,S-8",True,False,False,False,True,False,False,False,False
SLNH,up,0.20353984074693798,2026-07-20,1.1399999856948853,15972739.727985859,2,8-K,True,False,False,False,False,False,False,True,False
SLS,down,-0.21782942240602432,2026-07-21,10.100000381469727,95380601.61590576,0,,False,False,False,False,False,False,False,False,True
SMCI,up,0.26418153878208517,2026-07-16,25.700000762939453,1070545643.8207626,0,,False,False,False,False,False,False,False,False,True
SMTC,down,-0.2533169273101531,2026-07-23,103.55000305175781,394735000.0,2,"144,4",False,False,False,False,True,False,False,False,False
SMX,up,0.24887458765852233,2026-07-08,15.039999961853027,590939.9831771851,2,"6-K,F-3",False,True,False,False,False,False,False,False,False
SMX,down,-0.2280787849643796,2026-07-21,15.039999961853027,590939.9831771851,1,6-K,False,False,False,False,False,False,False,False,False
SNDK,down,-0.36914170240155586,2026-07-23,1015.8900146484375,23269354371.75293,0,,False,False,False,False,False,False,False,False,True
SNWV,down,-0.39214047176099387,2026-07-15,6.380000114440918,1374139.9612426758,1,8-K,True,False,False,False,False,False,False,True,False
SOC,up,0.4285714949216841,2026-07-01,4.360000133514404,36026782.2201252,7,"305B2,424B5",False,True,False,False,False,False,False,False,False
SONO,up,0.20578119612814794,2026-07-23,17.520000457763672,29826623.678588867,0,,False,False,False,False,False,False,False,False,True
SPRO,down,-0.22018348824525358,2026-07-14,1.190000057220459,1900368.0755138397,1,8-K,True,False,False,False,False,False,True,True,False
SRXH,up,0.45925925468057605,2026-07-08,1.4500000476837158,5306983.077073097,2,"S-8,SCHEDULE 13G/A",False,False,False,False,False,False,False,False,False
SRXH,down,-0.6666666593889323,2026-07-06,1.4500000476837158,5306983.077073097,1,S-8,False,False,False,False,False,False,False,False,False
SSTK,down,-0.2903225982874197,2026-07-01,5.699999809265137,8931839.800357819,0,,False,False,False,False,False,False,False,False,True
STAK,up,6.022727340459821,2026-07-24,2.430000066757202,1568518.007516861,0,,False,False,False,False,False,False,False,False,True
STAK,down,-0.7281553552873883,2026-07-27,2.430000066757202,1568518.007516861,0,,False,False,False,False,False,False,False,False,True
STIM,up,0.24691356480294235,2026-07-20,1.8200000524520874,1949710.021495819,3,"3,4,8-K",True,False,False,False,True,False,False,True,False
STFS,down,-0.4980132627673304,2026-07-22,4.78000020980835,905839.9795532227,1,6-K,False,False,False,False,False,False,False,False,False
STM,down,-0.2647103074552192,2026-07-22,48.36000061035156,788387511.2533569,1,6-K,False,False,False,False,False,False,False,False,False
STRL,down,-0.3129257767082677,2026-07-22,494.239990234375,489001046.3378906,0,,False,False,False,False,False,False,False,False,True
STRS,down,-0.26270273569467906,2026-07-07,19.399999618530273,1393252.0217895508,3,"4,8-K,SCHEDULE 13D/A",True,False,False,True,True,True,True,False,False
STRO,down,-0.20873625464013912,2026-07-09,23.31999969482422,8798399.856567383,-1,,False,False,False,False,False,False,False,False,False
SUNE,up,0.4960937536379788,2026-07-10,2.1600000858306885,699769.989490509,1,SCHEDULE 13G,False,False,False,False,False,False,False,False,False
SUNE,down,-0.344647509017576,2026-07-10,2.1600000858306885,699769.989490509,1,SCHEDULE 13G,False,False,False,False,False,False,False,False,False
STX,up,0.22518074999828075,2026-07-16,764.4299926757812,4244972814.404297,0,,False,False,False,False,False,False,False,False,True
SVCO,down,-0.26887658303574913,2026-07-10,6.909999847412109,4859049.144649506,2,"424B5,8-K",True,True,False,False,False,False,True,False,False
TBI,up,0.210370381673177,2026-07-06,7.46999979019165,1882330.9203147888,0,,False,False,False,False,False,False,False,False,True
TARS,down,-0.20467755941573218,2026-07-07,58.52000045776367,84358250.0,0,,False,False,False,False,False,False,False,False,True
TCX,down,-0.24383161986845525,2026-07-01,9.329999923706055,631039.9780273438,-1,,False,False,False,False,False,False,False,False,False
TDIC,down,-0.2551867663249696,2026-07-06,2.369999885559082,475230.016708374,2,"6-K,SCHEDULE 13G",False,False,False,False,False,False,False,False,False
TE,down,-0.3830845938347883,2026-07-22,3.7200000286102295,233257144.95048523,-1,,False,False,False,False,False,False,False,False,False
TENB,down,-0.2049283259924951,2026-07-16,31.479999542236328,124428400.4322052,0,,False,False,False,False,False,False,False,False,True
TENX,up,0.3784800411895455,2026-07-01,14.819999694824219,19800100.53396225,2,8-K,True,False,False,False,False,False,True,False,False
TGB,up,0.22052060246803018,2026-07-07,6.710000038146973,30646130.80072403,1,6-K,False,False,False,False,False,False,False,False,False
THC,up,0.33660744842286383,2026-07-21,257.6199951171875,232110158.27178955,0,,False,False,False,False,False,False,False,False,True
THRM,up,0.265187283650842,2026-07-23,42.88999938964844,11164691.669845581,5,"10-Q,425,8-K",True,False,True,False,False,False,True,True,False
TMCR,up,0.21252369821871908,2026-07-20,6.230000019073486,402569.99158859253,2,"4,6-K",False,False,False,False,True,False,False,False,False
TNXP,down,-0.20514884377541465,2026-07-17,9.510000228881836,5163930.124282837,1,8-K,True,False,False,False,False,False,True,True,False
TOP,up,0.20000004541306482,2026-07-16,2.109999895095825,666539.9697303772,1,8-K,True,False,False,False,False,True,False,True,False
TOP,down,-0.20284695546256004,2026-07-20,2.109999895095825,666539.9697303772,2,8-K,True,False,False,False,False,True,True,True,False
TRI,up,0.24098486764082638,2026-07-23,106.33999633789062,162561586.4807129,0,,False,False,False,False,False,False,False,False,True
TROO,down,-0.2751937751679465,2026-07-01,1.649999976158142,557228.0108451843,-1,,False,False,False,False,False,False,False,False,False
TSEM,up,0.2055396325333838,2026-07-07,187.83999633789062,384053103.1036377,12,"4,6-K",False,False,False,False,True,False,False,False,False
TSEM,down,-0.278703683847188,2026-07-23,187.83999633789062,384053103.1036377,1,SCHEDULE 13G/A,False,False,False,False,False,False,False,False,False
TSLA,down,-0.20237426931123503,2026-07-22,298.32000732421875,13889976922.833252,2,"10-Q,8-K",True,False,False,False,False,False,False,True,False
TTEC,up,0.2893400634338641,2026-07-22,2.5399999618530273,995435.0193738937,1,4,False,False,False,False,True,False,False,False,False
TTI,down,-0.20439566289898958,2026-07-21,7.309999942779541,13644610.337257385,0,,False,False,False,False,False,False,False,False,True
TTRX,up,0.2626787992062305,2026-07-07,7.429999828338623,674800.0240325928,1,8-K,True,False,False,False,False,False,False,True,False
TTRX,down,-0.24361497264884624,2026-07-21,7.429999828338623,674800.0240325928,0,,False,False,False,False,False,False,False,False,True
TTGT,up,0.3294117218070389,2026-07-24,4.519999980926514,1421784.0109348297,0,,False,False,False,False,False,False,False,False,True
TTMI,down,-0.2974111677265827,2026-07-23,101.7699966430664,338259659.765625,0,,False,False,False,False,False,False,False,False,True
TVRD,up,0.6129032754253041,2026-07-08,2.140000104904175,2861438.0651950836,1,8-K,True,False,False,False,False,False,False,True,False
TZOO,down,-0.2585700153400522,2026-07-28,7.460000038146973,965936.0252380371,1,8-K,True,False,False,False,False,False,False,True,False
UCTT,down,-0.3143110553657481,2026-07-22,69.56999969482422,155875431.36749268,0,,False,False,False,False,False,False,False,False,True
UFI,up,0.3039999961853028,2026-07-07,6.159999847412109,508247.98135757446,0,,False,False,False,False,False,False,False,False,True
UMAC,up,0.29326930571590215,2026-07-16,17.260000228881836,64910601.20201111,0,,False,False,False,False,False,False,False,False,True
UMAC,down,-0.20461895534557595,2026-07-06,17.260000228881836,64910601.20201111,0,,False,False,False,False,False,False,False,False,True
UP,down,-0.23915592329596114,2026-07-07,5.599999904632568,567680.0084590912,0,,False,False,False,False,False,False,False,False,True
UTI,down,-0.21103016754738146,2026-07-13,41.040000915527344,35863808.22181702,0,,False,False,False,False,False,False,False,False,True
VEEE,up,4.157676291489159,2026-07-13,12.9399995803833,3047950.06275177,1,8-K,True,False,False,False,False,False,True,True,False
VEEE,down,-0.3095299581532347,2026-07-15,12.9399995803833,3047950.06275177,3,"4,425,8-K",True,False,True,False,True,False,True,True,False
VELO,down,-0.2928913064862173,2026-07-09,8.4399995803833,23402148.183059692,0,,False,False,False,False,False,False,False,False,True
VENU,up,0.22018348824525358,2026-07-01,2.0899999141693115,1336698.9557027817,0,,False,False,False,False,False,False,False,False,True
VERX,up,0.22314042928303746,2026-07-23,13.319999694824219,23212559.074401855,0,,False,False,False,False,False,False,False,False,True
VIAV,down,-0.23715977414825262,2026-07-22,32.22999954223633,204623323.8357544,0,,False,False,False,False,False,False,False,False,True
VIVO,down,-0.26386235361532373,2026-07-10,3.1700000762939453,4832567.822742462,4,"6-K,6-K/A",False,False,False,False,False,False,False,False,False
VIVK,up,0.49132941922612905,2026-07-21,2.4000000953674316,1695161.8631386757,4,"424B3,8-K,EFFECT",True,True,False,False,False,True,True,True,False
VIVK,down,-0.46948359881744395,2026-07-17,2.4000000953674316,1695161.8631386757,3,"8-K,EFFECT",True,False,False,False,False,True,True,True,False
VRAX,up,1.0,2026-07-09,2.930000066757202,434980.0125360489,2,"20-F,6-K",False,False,False,False,False,False,False,False,False
VRAX,down,-0.3584905915007377,2026-07-10,2.930000066757202,434980.0125360489,2,6-K,False,False,False,False,False,False,False,False,False
VRRM,up,0.22009572107078457,2026-07-29,5.099999904632568,18027652.093076706,2,"8-K,8-K/A",True,False,False,False,False,False,False,True,False
VRT,down,-0.2664123568685577,2026-07-23,223.0399932861328,1757107977.1850586,0,,False,False,False,False,False,False,False,False,True
VWAV,down,-0.4028571673801967,2026-07-22,2.0899999141693115,1834383.0335617065,1,8-K,True,False,False,False,False,True,True,False,False
WDAY,up,0.3139124962701767,2026-07-23,168.00999450683594,568113635.2027893,0,,False,False,False,False,False,False,False,False,True
WERN,down,-0.20013090855566174,2026-07-22,36.650001525878906,44321685.70480347,0,,False,False,False,False,False,False,False,False,True
WEX,up,0.21023903215676243,2026-07-22,188.41000366210938,98438391.60766602,1,8-K,True,False,False,False,False,False,False,True,False
WIX,up,0.2581175793809418,2026-07-22,61.220001220703125,61289021.47293091,0,,False,False,False,False,False,False,False,False,True
WLFC,down,-0.670649616790608,2026-07-20,69.22000122070312,30716613.191223145,2,8-K,True,False,False,False,False,False,True,True,False
WOLF,down,-0.3146566739932659,2026-07-22,20.059999465942383,141236225.1159668,-1,,False,False,False,False,False,False,False,False,False
WNW,down,-0.26331363158885235,2026-07-16,2.490000009536743,265184.9964380264,1,6-K,False,False,False,False,False,False,False,False,False
WRAP,up,0.4842766324231116,2026-07-09,1.6299999952316284,867791.9815063477,8,"4,SCHEDULE 13G/A",False,False,False,False,True,False,False,False,False
WRAP,down,-0.21929824836586542,2026-07-15,1.6299999952316284,867791.9815063477,5,"4,4/A,8-K,SCHEDULE 13G/A",True,False,False,False,True,False,True,False,False
WULF,down,-0.24738150988577412,2026-07-23,15.09000015258789,684831140.1626587,0,,False,False,False,False,False,False,False,False,True
WYFI,up,0.22455468657815647,2026-07-02,20.579999923706055,83960554.00428772,0,,False,False,False,False,False,False,False,False,True
WYFI,down,-0.3467532566615513,2026-07-10,20.579999923706055,83960554.00428772,0,,False,False,False,False,False,False,False,False,True
XNCR,up,0.3678930450732003,2026-07-14,19.530000686645508,16086399.912834167,8,4,False,False,False,False,True,False,False,False,False
XMTR,down,-0.20848832549813545,2026-07-21,80.97000122070312,72351465.35339355,0,,False,False,False,False,False,False,False,False,True
YYGH,up,0.2560000419616699,2026-07-06,1.25,763007.9829454422,0,,False,False,False,False,False,False,False,False,True
ZSQR,up,0.20596588311393638,2026-07-09,5.289999961853027,4445759.975910187,3,"3,8-K,S-3ASR",True,True,False,False,True,False,True,False,False
ZSQR,down,-0.22747953158015766,2026-07-07,5.289999961853027,4445759.975910187,4,"3,8-K,S-3ASR",True,True,False,False,True,False,True,True,False
ZVRA,down,-0.23921731068118246,2026-07-24,9.779999732971191,14640730.311203003,0,,False,False,False,False,False,False,False,False,True
